0.8709528290289785,-0.13806848247788628,0.15300000000000005,3.141592653589793,-0,-1.570796326794923
0.8279528290289787,-0.13806848247788628,0.15300000000000005,3.141592653589793,-0,-1.570796326794923
0.7849528290289787,-0.13806848247788628,0.15300000000000005,3.141592653589793,-0,-1.5707963267949208
0.7419528290289786,-0.13806848247788606,0.15300000000000005,3.141592653589793,-0,-1.5707963267949208
0.6989528290289786,-0.13806848247788606,0.15300000000000005,3.141592653589793,-0,-1.5707963267949208
0.8709528290289762,-0.24656848247788626,0.15300000000000005,3.141592653589793,-0,-1.570796326794923
0.8279528290289762,-0.24656848247788626,0.15300000000000005,3.141592653589793,-0,-1.570796326794923
0.7849528290289762,-0.24656848247788626,0.15300000000000005,3.141592653589793,-0,-1.570796326794923
0.7419528290289762,-0.24656848247788626,0.15300000000000005,3.141592653589793,-0,-1.570796326794923
0.6989528290289763,-0.24656848247788626,0.15300000000000005,3.141592653589793,-0,-1.5707963267949219
0.8709528290289762,-0.35506848247788625,0.15300000000000005,3.141592653589793,-0,-1.5707963267949219
0.8279528290289762,-0.35506848247788625,0.15300000000000005,3.141592653589793,-0,-1.5707963267949219
0.7849528290289762,-0.35506848247788625,0.15300000000000005,3.141592653589793,-0,-1.5707963267949219
0.7419528290289762,-0.35506848247788625,0.15300000000000005,3.141592653589793,-0,-1.5707963267949219
0.6989528290289763,-0.35506848247788625,0.15300000000000005,3.141592653589793,-0,-1.570796326794923
0.8709528290289785,-0.13806848247788628,0.135,3.141592653589793,-0,-1.570796326794923
0.8279528290289787,-0.13806848247788628,0.135,3.141592653589793,-0,-1.570796326794923
0.7849528290289787,-0.13806848247788628,0.135,3.141592653589793,-0,-1.5707963267949208
0.7419528290289786,-0.13806848247788606,0.135,3.141592653589793,-0,-1.5707963267949208
0.6989528290289786,-0.13806848247788606,0.135,3.141592653589793,-0,-1.5707963267949208
0.8709528290289762,-0.24656848247788626,0.135,3.141592653589793,-0,-1.570796326794923
0.8279528290289762,-0.24656848247788626,0.135,3.141592653589793,-0,-1.570796326794923
0.7849528290289762,-0.24656848247788626,0.135,3.141592653589793,-0,-1.570796326794923
0.7419528290289762,-0.24656848247788626,0.135,3.141592653589793,-0,-1.570796326794923
0.6989528290289763,-0.24656848247788626,0.135,3.141592653589793,-0,-1.5707963267949219
0.8709528290289762,-0.35506848247788625,0.135,3.141592653589793,-0,-1.5707963267949219
0.8279528290289762,-0.35506848247788625,0.135,3.141592653589793,-0,-1.5707963267949219
0.7849528290289762,-0.35506848247788625,0.135,3.141592653589793,-0,-1.5707963267949219
0.7419528290289762,-0.35506848247788625,0.135,3.141592653589793,-0,-1.5707963267949219
0.6989528290289763,-0.35506848247788625,0.135,3.141592653589793,-0,-1.570796326794923
0.8709528290289785,-0.13806848247788628,0.11699999999999999,3.141592653589793,-0,-1.570796326794923
0.8279528290289787,-0.13806848247788628,0.11699999999999999,3.141592653589793,-0,-1.570796326794923
0.7849528290289787,-0.13806848247788628,0.11699999999999999,3.141592653589793,-0,-1.5707963267949208
0.7419528290289786,-0.13806848247788606,0.11699999999999999,3.141592653589793,-0,-1.5707963267949208
0.6989528290289786,-0.13806848247788606,0.11699999999999999,3.141592653589793,-0,-1.5707963267949208
0.8709528290289762,-0.24656848247788626,0.11699999999999999,3.141592653589793,-0,-1.570796326794923
0.8279528290289762,-0.24656848247788626,0.11699999999999999,3.141592653589793,-0,-1.570796326794923
0.7849528290289762,-0.24656848247788626,0.11699999999999999,3.141592653589793,-0,-1.570796326794923
0.7419528290289762,-0.24656848247788626,0.11699999999999999,3.141592653589793,-0,-1.570796326794923
0.6989528290289763,-0.24656848247788626,0.11699999999999999,3.141592653589793,-0,-1.5707963267949219
0.8709528290289762,-0.35506848247788625,0.11699999999999999,3.141592653589793,-0,-1.5707963267949219
0.8279528290289762,-0.35506848247788625,0.11699999999999999,3.141592653589793,-0,-1.5707963267949219
0.7849528290289762,-0.35506848247788625,0.11699999999999999,3.141592653589793,-0,-1.5707963267949219
0.7419528290289762,-0.35506848247788625,0.11699999999999999,3.141592653589793,-0,-1.5707963267949219
0.6989528290289763,-0.35506848247788625,0.11699999999999999,3.141592653589793,-0,-1.570796326794923
0.8709528290289785,-0.13806848247788628,0.09899999999999999,3.141592653589793,-0,-1.570796326794923
0.8279528290289787,-0.13806848247788628,0.09899999999999999,3.141592653589793,-0,-1.570796326794923
0.7849528290289787,-0.13806848247788628,0.09899999999999999,3.141592653589793,-0,-1.5707963267949208
0.7419528290289786,-0.13806848247788606,0.09899999999999999,3.141592653589793,-0,-1.5707963267949208
0.6989528290289786,-0.13806848247788606,0.09899999999999999,3.141592653589793,-0,-1.5707963267949208
0.8709528290289762,-0.24656848247788626,0.09899999999999999,3.141592653589793,-0,-1.570796326794923
0.8279528290289762,-0.24656848247788626,0.09899999999999999,3.141592653589793,-0,-1.570796326794923
0.7849528290289762,-0.24656848247788626,0.09899999999999999,3.141592653589793,-0,-1.570796326794923
0.7419528290289762,-0.24656848247788626,0.09899999999999999,3.141592653589793,-0,-1.570796326794923
0.6989528290289763,-0.24656848247788626,0.09899999999999999,3.141592653589793,-0,-1.5707963267949219
0.8709528290289762,-0.35506848247788625,0.09899999999999999,3.141592653589793,-0,-1.5707963267949219
0.8279528290289762,-0.35506848247788625,0.09899999999999999,3.141592653589793,-0,-1.5707963267949219
0.7849528290289762,-0.35506848247788625,0.09899999999999999,3.141592653589793,-0,-1.5707963267949219
0.7419528290289762,-0.35506848247788625,0.09899999999999999,3.141592653589793,-0,-1.5707963267949219
0.6989528290289763,-0.35506848247788625,0.09899999999999999,3.141592653589793,-0,-1.570796326794923
0.8709528290289785,-0.13806848247788628,0.08100000000000002,3.141592653589793,-0,-1.570796326794923
0.8279528290289787,-0.13806848247788628,0.08100000000000002,3.141592653589793,-0,-1.570796326794923
0.7849528290289787,-0.13806848247788628,0.08100000000000002,3.141592653589793,-0,-1.5707963267949208
0.7419528290289786,-0.13806848247788606,0.08100000000000002,3.141592653589793,-0,-1.5707963267949208
0.6989528290289786,-0.13806848247788606,0.08100000000000002,3.141592653589793,-0,-1.5707963267949208
0.8709528290289762,-0.24661848247788642,0.08100000000000002,3.141592653589793,-0,-1.570796326794923
0.8279528290289762,-0.24661848247788595,0.08100000000000002,3.141592653589793,-0,-1.570796326794923
0.7849528290289762,-0.24661848247788595,0.08100000000000002,3.141592653589793,-0,-1.570796326794923
0.7419528290289762,-0.24661848247788595,0.08100000000000002,3.141592653589793,-0,-1.570796326794923
0.6989528290289763,-0.24661848247788595,0.08100000000000002,3.141592653589793,-0,-1.5707963267949219
0.8709528290289762,-0.3551184824778864,0.08100000000000002,3.141592653589793,-0,-1.5707963267949219
0.8279528290289762,-0.35511848247788597,0.08100000000000002,3.141592653589793,-0,-1.5707963267949219
0.7849528290289762,-0.35511848247788597,0.08100000000000002,3.141592653589793,-0,-1.5707963267949219
0.7419528290289762,-0.35511848247788597,0.08100000000000002,3.141592653589793,-0,-1.5707963267949219
0.6989528290289763,-0.35511848247788597,0.08100000000000002,3.141592653589793,-0,-1.570796326794923
0.8709528290289785,-0.13806848247788628,0.063,3.141592653589793,-0,-1.570796326794923
0.8279528290289787,-0.13806848247788628,0.063,3.141592653589793,-0,-1.570796326794923
0.7849528290289787,-0.13806848247788628,0.063,3.141592653589793,-0,-1.5707963267949208
0.7419528290289786,-0.13806848247788606,0.063,3.141592653589793,-0,-1.5707963267949208
0.6989528290289786,-0.13806848247788606,0.063,3.141592653589793,-0,-1.5707963267949208
0.8709528290289762,-0.24661848247788642,0.063,3.141592653589793,-0,-1.570796326794923
0.8279528290289762,-0.24661848247788595,0.063,3.141592653589793,-0,-1.570796326794923
0.7849528290289762,-0.24661848247788595,0.063,3.141592653589793,-0,-1.570796326794923
0.7419528290289762,-0.24661848247788595,0.063,3.141592653589793,-0,-1.570796326794923
0.6989528290289763,-0.24661848247788595,0.063,3.141592653589793,-0,-1.5707963267949219
0.8709528290289762,-0.3551184824778864,0.063,3.141592653589793,-0,-1.5707963267949219
0.8279528290289762,-0.35511848247788597,0.063,3.141592653589793,-0,-1.5707963267949219
0.7849528290289762,-0.35511848247788597,0.063,3.141592653589793,-0,-1.5707963267949219
0.7419528290289762,-0.35511848247788597,0.063,3.141592653589793,-0,-1.5707963267949219
0.6989528290289763,-0.35511848247788597,0.063,3.141592653589793,-0,-1.570796326794923
0.8709528290289785,-0.13806848247788628,0.04500000000000001,3.141592653589793,-0,-1.570796326794923
0.8279528290289787,-0.13806848247788628,0.04500000000000001,3.141592653589793,-0,-1.570796326794923
0.7849528290289787,-0.13806848247788628,0.04500000000000001,3.141592653589793,-0,-1.5707963267949208
0.7419528290289786,-0.13806848247788606,0.04500000000000001,3.141592653589793,-0,-1.5707963267949208
0.6989528290289786,-0.13806848247788606,0.04500000000000001,3.141592653589793,-0,-1.5707963267949208
0.8709528290289762,-0.24661848247788642,0.04500000000000001,3.141592653589793,-0,-1.570796326794923
0.8279528290289762,-0.24661848247788595,0.04500000000000001,3.141592653589793,-0,-1.570796326794923
0.7849528290289762,-0.24661848247788595,0.04500000000000001,3.141592653589793,-0,-1.570796326794923
0.7419528290289762,-0.24661848247788595,0.04500000000000001,3.141592653589793,-0,-1.570796326794923
0.6989528290289763,-0.24661848247788595,0.04500000000000001,3.141592653589793,-0,-1.5707963267949219
0.8709528290289762,-0.3551184824778864,0.04500000000000001,3.141592653589793,-0,-1.5707963267949219
0.8279528290289762,-0.35511848247788597,0.04500000000000001,3.141592653589793,-0,-1.5707963267949219
0.7849528290289762,-0.35511848247788597,0.04500000000000001,3.141592653589793,-0,-1.5707963267949219
0.7419528290289762,-0.35511848247788597,0.04500000000000001,3.141592653589793,-0,-1.5707963267949219
0.6989528290289763,-0.35511848247788597,0.04500000000000001,3.141592653589793,-0,-1.570796326794923
0.8709528290289785,-0.13806848247788628,0.027000000000000003,3.141592653589793,-0,-1.570796326794923
0.8279528290289787,-0.13806848247788628,0.027000000000000003,3.141592653589793,-0,-1.570796326794923
0.7849528290289787,-0.13806848247788628,0.027000000000000003,3.141592653589793,-0,-1.5707963267949208
0.7419528290289786,-0.13806848247788606,0.027000000000000003,3.141592653589793,-0,-1.5707963267949208
0.6989528290289786,-0.13806848247788606,0.027000000000000003,3.141592653589793,-0,-1.5707963267949208
0.8709528290289762,-0.24661848247788642,0.027000000000000003,3.141592653589793,-0,-1.570796326794923
0.8279528290289762,-0.24661848247788595,0.027000000000000003,3.141592653589793,-0,-1.570796326794923
0.7849528290289762,-0.24661848247788595,0.027000000000000003,3.141592653589793,-0,-1.570796326794923
0.7419528290289762,-0.24661848247788595,0.027000000000000003,3.141592653589793,-0,-1.570796326794923
0.6989528290289763,-0.24661848247788595,0.027000000000000003,3.141592653589793,-0,-1.5707963267949219
0.8709528290289762,-0.3551184824778864,0.027000000000000003,3.141592653589793,-0,-1.5707963267949219
0.8279528290289762,-0.35511848247788597,0.027000000000000003,3.141592653589793,-0,-1.5707963267949219
0.7849528290289762,-0.35511848247788597,0.027000000000000003,3.141592653589793,-0,-1.5707963267949219
0.7419528290289762,-0.35511848247788597,0.027000000000000003,3.141592653589793,-0,-1.5707963267949219
0.6989528290289763,-0.35511848247788597,0.027000000000000003,3.141592653589793,-0,-1.570796326794923
0.8803613257029588,0.2246934578345656,0.08100000000000002,3.141592653589793,-0,-1.570796326794924
0.8373613257029587,0.22469345783456535,0.08100000000000002,3.141592653589793,-0,-1.570796326794924
0.7943613257029587,0.22469345783456535,0.08100000000000002,3.141592653589793,-0,-1.570796326794924
0.7513613257029588,0.22469345783456535,0.08100000000000002,3.141592653589793,-0,-1.570796326794923
0.7083613257029588,0.22469345783456535,0.08100000000000002,3.141592653589793,-0,-1.570796326794923
0.880361325702959,0.11619345783456558,0.08100000000000002,3.141592653589793,-0,-1.570796326794923
0.837361325702959,0.11619345783456535,0.08100000000000002,3.141592653589793,-0,-1.570796326794923
0.7943613257029589,0.11619345783456535,0.08100000000000002,3.141592653589793,-0,-1.570796326794923
0.751361325702959,0.11619345783456535,0.08100000000000002,3.141592653589793,-0,-1.570796326794923
0.708361325702959,0.11619345783456535,0.08100000000000002,3.141592653589793,-0,-1.570796326794923
0.880361325702959,0.008193457834565574,0.08100000000000002,3.141592653589793,-0,-1.570796326794923
0.837361325702959,0.008193457834565347,0.08100000000000002,3.141592653589793,-0,-1.570796326794923
0.7943613257029589,0.008193457834565347,0.08100000000000002,3.141592653589793,-0,-1.570796326794923
0.751361325702959,0.008193457834565347,0.08100000000000002,3.141592653589793,-0,-1.570796326794924
0.708361325702959,0.008193457834565347,0.08100000000000002,3.141592653589793,-0,-1.570796326794924
0.8803613257029588,0.2246934578345656,0.063,3.141592653589793,-0,-1.570796326794924
0.8373613257029587,0.22469345783456535,0.063,3.141592653589793,-0,-1.570796326794924
0.7943613257029587,0.22469345783456535,0.063,3.141592653589793,-0,-1.570796326794924
0.7513613257029588,0.22469345783456535,0.063,3.141592653589793,-0,-1.570796326794923
0.7083613257029588,0.22469345783456535,0.063,3.141592653589793,-0,-1.570796326794923
0.880361325702959,0.11619345783456558,0.063,3.141592653589793,-0,-1.570796326794923
0.837361325702959,0.11619345783456535,0.063,3.141592653589793,-0,-1.570796326794923
0.7943613257029589,0.11619345783456535,0.063,3.141592653589793,-0,-1.570796326794923
0.751361325702959,0.11619345783456535,0.063,3.141592653589793,-0,-1.570796326794923
0.708361325702959,0.11619345783456535,0.063,3.141592653589793,-0,-1.570796326794923
0.880361325702959,0.008193457834565574,0.063,3.141592653589793,-0,-1.570796326794923
0.837361325702959,0.008193457834565347,0.063,3.141592653589793,-0,-1.570796326794923
0.7943613257029589,0.008193457834565347,0.063,3.141592653589793,-0,-1.570796326794923
0.751361325702959,0.008193457834565347,0.063,3.141592653589793,-0,-1.570796326794924
0.708361325702959,0.008193457834565347,0.063,3.141592653589793,-0,-1.570796326794924
0.8803613257029588,0.2246934578345656,0.04500000000000001,3.141592653589793,-0,-1.570796326794924
0.8373613257029587,0.22469345783456535,0.04500000000000001,3.141592653589793,-0,-1.570796326794924
0.7943613257029587,0.22469345783456535,0.04500000000000001,3.141592653589793,-0,-1.570796326794924
0.7513613257029588,0.22469345783456535,0.04500000000000001,3.141592653589793,-0,-1.570796326794923
0.7083613257029588,0.22469345783456535,0.04500000000000001,3.141592653589793,-0,-1.570796326794923
0.880361325702959,0.11619345783456558,0.04500000000000001,3.141592653589793,-0,-1.570796326794923
0.837361325702959,0.11619345783456535,0.04500000000000001,3.141592653589793,-0,-1.570796326794923
0.7943613257029589,0.11619345783456535,0.04500000000000001,3.141592653589793,-0,-1.570796326794923
0.751361325702959,0.11619345783456535,0.04500000000000001,3.141592653589793,-0,-1.570796326794923
0.708361325702959,0.11619345783456535,0.04500000000000001,3.141592653589793,-0,-1.570796326794923
0.880361325702959,0.008193457834565574,0.04500000000000001,3.141592653589793,-0,-1.570796326794923
0.837361325702959,0.008193457834565347,0.04500000000000001,3.141592653589793,-0,-1.570796326794923
0.7943613257029589,0.008193457834565347,0.04500000000000001,3.141592653589793,-0,-1.570796326794923
0.751361325702959,0.008193457834565347,0.04500000000000001,3.141592653589793,-0,-1.570796326794924
0.708361325702959,0.008193457834565347,0.04500000000000001,3.141592653589793,-0,-1.570796326794924
0.8803613257029588,0.2246934578345656,0.027000000000000003,3.141592653589793,-0,-1.570796326794924
0.8373613257029587,0.22469345783456535,0.027000000000000003,3.141592653589793,-0,-1.570796326794924
0.7943613257029587,0.22469345783456535,0.027000000000000003,3.141592653589793,-0,-1.570796326794924
0.7513613257029588,0.22469345783456535,0.027000000000000003,3.141592653589793,-0,-1.570796326794923
0.7083613257029588,0.22469345783456535,0.027000000000000003,3.141592653589793,-0,-1.570796326794923
0.880361325702959,0.11619345783456558,0.027000000000000003,3.141592653589793,-0,-1.570796326794923
0.837361325702959,0.11619345783456535,0.027000000000000003,3.141592653589793,-0,-1.570796326794923
0.7943613257029589,0.11619345783456535,0.027000000000000003,3.141592653589793,-0,-1.570796326794923
0.751361325702959,0.11619345783456535,0.027000000000000003,3.141592653589793,-0,-1.570796326794923
0.708361325702959,0.11619345783456535,0.027000000000000003,3.141592653589793,-0,-1.570796326794923
0.880361325702959,0.008193457834565574,0.027000000000000003,3.141592653589793,-0,-1.570796326794923
0.837361325702959,0.008193457834565347,0.027000000000000003,3.141592653589793,-0,-1.570796326794923
0.7943613257029589,0.008193457834565347,0.027000000000000003,3.141592653589793,-0,-1.570796326794923
0.751361325702959,0.008193457834565347,0.027000000000000003,3.141592653589793,-0,-1.570796326794924
0.708361325702959,0.008193457834565347,0.027000000000000003,3.141592653589793,-0,-1.570796326794924
0.7186062143208776,-0.5652601454249181,0.15300000000000005,3.141592653589793,-0,-1.570796326794924
0.6756062143208778,-0.5652601454249179,0.15300000000000005,3.141592653589793,-0,-1.570796326794924
0.6326062143208777,-0.5652601454249179,0.15300000000000005,3.141592653589793,-0,-1.570796326794923
0.5896062143208777,-0.5652601454249179,0.15300000000000005,3.141592653589793,-0,-1.570796326794923
0.5466062143208777,-0.5652601454249179,0.15300000000000005,3.141592653589793,-0,-1.570796326794923
0.7186062143208753,-0.6737601454249181,0.15300000000000005,3.141592653589793,-0,-1.5707963267949219
0.6756062143208754,-0.6737601454249179,0.15300000000000005,3.141592653589793,-0,-1.5707963267949219
0.6326062143208755,-0.6737601454249179,0.15300000000000005,3.141592653589793,-0,-1.5707963267949219
0.5896062143208755,-0.6737601454249179,0.15300000000000005,3.141592653589793,-0,-1.5707963267949219
0.5466062143208754,-0.6737601454249179,0.15300000000000005,3.141592653589793,-0,-1.5707963267949219
0.7186062143208753,-0.7822601454249182,0.15300000000000005,3.141592653589793,-0,-1.5707963267949219
0.6756062143208754,-0.782260145424918,0.15300000000000005,3.141592653589793,-0,-1.5707963267949219
0.6326062143208755,-0.782260145424918,0.15300000000000005,3.141592653589793,-0,-1.5707963267949219
0.5896062143208755,-0.782260145424918,0.15300000000000005,3.141592653589793,-0,-1.5707963267949219
0.5466062143208754,-0.782260145424918,0.15300000000000005,3.141592653589793,-0,-1.5707963267949219
0.7186062143208776,-0.5652601454249181,0.135,3.141592653589793,-0,-1.570796326794924
0.6756062143208778,-0.5652601454249179,0.135,3.141592653589793,-0,-1.570796326794924
0.6326062143208777,-0.5652601454249179,0.135,3.141592653589793,-0,-1.570796326794923
0.5896062143208777,-0.5652601454249179,0.135,3.141592653589793,-0,-1.570796326794923
0.5466062143208777,-0.5652601454249179,0.135,3.141592653589793,-0,-1.570796326794923
0.7186062143208753,-0.6737601454249181,0.135,3.141592653589793,-0,-1.5707963267949219
0.6756062143208754,-0.6737601454249179,0.135,3.141592653589793,-0,-1.5707963267949219
0.6326062143208755,-0.6737601454249179,0.135,3.141592653589793,-0,-1.5707963267949219
0.5896062143208755,-0.6737601454249179,0.135,3.141592653589793,-0,-1.5707963267949219
0.5466062143208754,-0.6737601454249179,0.135,3.141592653589793,-0,-1.5707963267949219
0.7186062143208753,-0.7822601454249182,0.135,3.141592653589793,-0,-1.5707963267949219
0.6756062143208754,-0.782260145424918,0.135,3.141592653589793,-0,-1.5707963267949219
0.6326062143208755,-0.782260145424918,0.135,3.141592653589793,-0,-1.5707963267949219
0.5896062143208755,-0.782260145424918,0.135,3.141592653589793,-0,-1.5707963267949219
0.5466062143208754,-0.782260145424918,0.135,3.141592653589793,-0,-1.5707963267949219
0.7186062143208776,-0.5652601454249181,0.11699999999999999,3.141592653589793,-0,-1.570796326794924
0.6756062143208778,-0.5652601454249179,0.11699999999999999,3.141592653589793,-0,-1.570796326794924
0.6326062143208777,-0.5652601454249179,0.11699999999999999,3.141592653589793,-0,-1.570796326794923
0.5896062143208777,-0.5652601454249179,0.11699999999999999,3.141592653589793,-0,-1.570796326794923
0.5466062143208777,-0.5652601454249179,0.11699999999999999,3.141592653589793,-0,-1.570796326794923
0.7186062143208753,-0.6737601454249181,0.11699999999999999,3.141592653589793,-0,-1.5707963267949219
0.6756062143208754,-0.6737601454249179,0.11699999999999999,3.141592653589793,-0,-1.5707963267949219
0.6326062143208755,-0.6737601454249179,0.11699999999999999,3.141592653589793,-0,-1.5707963267949219
0.5896062143208755,-0.6737601454249179,0.11699999999999999,3.141592653589793,-0,-1.5707963267949219
0.5466062143208754,-0.6737601454249179,0.11699999999999999,3.141592653589793,-0,-1.5707963267949219
0.7186062143208753,-0.7822601454249182,0.11699999999999999,3.141592653589793,-0,-1.5707963267949219
0.6756062143208754,-0.782260145424918,0.11699999999999999,3.141592653589793,-0,-1.5707963267949219
0.6326062143208755,-0.782260145424918,0.11699999999999999,3.141592653589793,-0,-1.5707963267949219
0.5896062143208755,-0.782260145424918,0.11699999999999999,3.141592653589793,-0,-1.5707963267949219
0.5466062143208754,-0.782260145424918,0.11699999999999999,3.141592653589793,-0,-1.5707963267949219
0.7186062143208776,-0.5652601454249181,0.09899999999999999,3.141592653589793,-0,-1.570796326794924
0.6756062143208778,-0.5652601454249179,0.09899999999999999,3.141592653589793,-0,-1.570796326794924
0.6326062143208777,-0.5652601454249179,0.09899999999999999,3.141592653589793,-0,-1.570796326794923
0.5896062143208777,-0.5652601454249179,0.09899999999999999,3.141592653589793,-0,-1.570796326794923
0.5466062143208777,-0.5652601454249179,0.09899999999999999,3.141592653589793,-0,-1.570796326794923
0.7186062143208753,-0.6737601454249181,0.09899999999999999,3.141592653589793,-0,-1.5707963267949219
0.6756062143208754,-0.6737601454249179,0.09899999999999999,3.141592653589793,-0,-1.5707963267949219
0.6326062143208755,-0.6737601454249179,0.09899999999999999,3.141592653589793,-0,-1.5707963267949219
0.5896062143208755,-0.6737601454249179,0.09899999999999999,3.141592653589793,-0,-1.5707963267949219
0.5466062143208754,-0.6737601454249179,0.09899999999999999,3.141592653589793,-0,-1.5707963267949219
0.7186062143208753,-0.7822601454249182,0.09899999999999999,3.141592653589793,-0,-1.5707963267949219
0.6756062143208754,-0.782260145424918,0.09899999999999999,3.141592653589793,-0,-1.5707963267949219
0.6326062143208755,-0.782260145424918,0.09899999999999999,3.141592653589793,-0,-1.5707963267949219
0.5896062143208755,-0.782260145424918,0.09899999999999999,3.141592653589793,-0,-1.5707963267949219
0.5466062143208754,-0.782260145424918,0.09899999999999999,3.141592653589793,-0,-1.5707963267949219
0.7186062143208776,-0.5652601454249181,0.08100000000000002,3.141592653589793,-0,-1.570796326794924
0.6756062143208778,-0.5652601454249179,0.08100000000000002,3.141592653589793,-0,-1.570796326794924
0.6326062143208777,-0.5652601454249179,0.08100000000000002,3.141592653589793,-0,-1.570796326794923
0.5896062143208777,-0.5652601454249179,0.08100000000000002,3.141592653589793,-0,-1.570796326794923
0.5466062143208777,-0.5652601454249179,0.08100000000000002,3.141592653589793,-0,-1.570796326794923
0.7186062143208753,-0.6738101454249181,0.08100000000000002,3.141592653589793,-0,-1.5707963267949219
0.6756062143208754,-0.6738101454249179,0.08100000000000002,3.141592653589793,-0,-1.5707963267949219
0.6326062143208755,-0.6738101454249179,0.08100000000000002,3.141592653589793,-0,-1.5707963267949219
0.5896062143208755,-0.6738101454249179,0.08100000000000002,3.141592653589793,-0,-1.5707963267949219
0.5466062143208754,-0.6738101454249179,0.08100000000000002,3.141592653589793,-0,-1.5707963267949219
0.7186062143208753,-0.7823101454249182,0.08100000000000002,3.141592653589793,-0,-1.5707963267949219
0.6756062143208754,-0.782310145424918,0.08100000000000002,3.141592653589793,-0,-1.5707963267949219
0.6326062143208755,-0.782310145424918,0.08100000000000002,3.141592653589793,-0,-1.5707963267949219
0.5896062143208755,-0.782310145424918,0.08100000000000002,3.141592653589793,-0,-1.5707963267949219
0.5466062143208754,-0.782310145424918,0.08100000000000002,3.141592653589793,-0,-1.5707963267949219
0.7186062143208776,-0.5652601454249181,0.063,3.141592653589793,-0,-1.570796326794924
0.6756062143208778,-0.5652601454249179,0.063,3.141592653589793,-0,-1.570796326794924
0.6326062143208777,-0.5652601454249179,0.063,3.141592653589793,-0,-1.570796326794923
0.5896062143208777,-0.5652601454249179,0.063,3.141592653589793,-0,-1.570796326794923
0.5466062143208777,-0.5652601454249179,0.063,3.141592653589793,-0,-1.570796326794923
0.7186062143208753,-0.6738101454249181,0.063,3.141592653589793,-0,-1.5707963267949219
0.6756062143208754,-0.6738101454249179,0.063,3.141592653589793,-0,-1.5707963267949219
0.6326062143208755,-0.6738101454249179,0.063,3.141592653589793,-0,-1.5707963267949219
0.5896062143208755,-0.6738101454249179,0.063,3.141592653589793,-0,-1.5707963267949219
0.5466062143208754,-0.6738101454249179,0.063,3.141592653589793,-0,-1.5707963267949219
0.7186062143208753,-0.7823101454249182,0.063,3.141592653589793,-0,-1.5707963267949219
0.6756062143208754,-0.782310145424918,0.063,3.141592653589793,-0,-1.5707963267949219
0.6326062143208755,-0.782310145424918,0.063,3.141592653589793,-0,-1.5707963267949219
0.5896062143208755,-0.782310145424918,0.063,3.141592653589793,-0,-1.5707963267949219
0.5466062143208754,-0.782310145424918,0.063,3.141592653589793,-0,-1.5707963267949219
0.7186062143208776,-0.5652601454249181,0.04500000000000001,3.141592653589793,-0,-1.570796326794924
0.6756062143208778,-0.5652601454249179,0.04500000000000001,3.141592653589793,-0,-1.570796326794924
0.6326062143208777,-0.5652601454249179,0.04500000000000001,3.141592653589793,-0,-1.570796326794923
0.5896062143208777,-0.5652601454249179,0.04500000000000001,3.141592653589793,-0,-1.570796326794923
0.5466062143208777,-0.5652601454249179,0.04500000000000001,3.141592653589793,-0,-1.570796326794923
0.7186062143208753,-0.6738101454249181,0.04500000000000001,3.141592653589793,-0,-1.5707963267949219
0.6756062143208754,-0.6738101454249179,0.04500000000000001,3.141592653589793,-0,-1.5707963267949219
0.6326062143208755,-0.6738101454249179,0.04500000000000001,3.141592653589793,-0,-1.5707963267949219
0.5896062143208755,-0.6738101454249179,0.04500000000000001,3.141592653589793,-0,-1.5707963267949219
0.5466062143208754,-0.6738101454249179,0.04500000000000001,3.141592653589793,-0,-1.5707963267949219
0.7186062143208753,-0.7823101454249182,0.04500000000000001,3.141592653589793,-0,-1.5707963267949219
0.6756062143208754,-0.782310145424918,0.04500000000000001,3.141592653589793,-0,-1.5707963267949219
0.6326062143208755,-0.782310145424918,0.04500000000000001,3.141592653589793,-0,-1.5707963267949219
0.5896062143208755,-0.782310145424918,0.04500000000000001,3.141592653589793,-0,-1.5707963267949219
0.5466062143208754,-0.782310145424918,0.04500000000000001,3.141592653589793,-0,-1.5707963267949219
0.7186062143208776,-0.5652601454249181,0.027000000000000003,3.141592653589793,-0,-1.570796326794924
0.6756062143208778,-0.5652601454249179,0.027000000000000003,3.141592653589793,-0,-1.570796326794924
0.6326062143208777,-0.5652601454249179,0.027000000000000003,3.141592653589793,-0,-1.570796326794923
0.5896062143208777,-0.5652601454249179,0.027000000000000003,3.141592653589793,-0,-1.570796326794923
0.5466062143208777,-0.5652601454249179,0.027000000000000003,3.141592653589793,-0,-1.570796326794923
0.7186062143208753,-0.6738101454249181,0.027000000000000003,3.141592653589793,-0,-1.5707963267949219
0.6756062143208754,-0.6738101454249179,0.027000000000000003,3.141592653589793,-0,-1.5707963267949219
0.6326062143208755,-0.6738101454249179,0.027000000000000003,3.141592653589793,-0,-1.5707963267949219
0.5896062143208755,-0.6738101454249179,0.027000000000000003,3.141592653589793,-0,-1.5707963267949219
0.5466062143208754,-0.6738101454249179,0.027000000000000003,3.141592653589793,-0,-1.5707963267949219
0.7186062143208753,-0.7823101454249182,0.027000000000000003,3.141592653589793,-0,-1.5707963267949219
0.6756062143208754,-0.782310145424918,0.027000000000000003,3.141592653589793,-0,-1.5707963267949219
0.6326062143208755,-0.782310145424918,0.027000000000000003,3.141592653589793,-0,-1.5707963267949219
0.5896062143208755,-0.782310145424918,0.027000000000000003,3.141592653589793,-0,-1.5707963267949219
0.5466062143208754,-0.782310145424918,0.027000000000000003,3.141592653589793,-0,-1.5707963267949219
-0.25353396153807356,-0.7279221027216132,0.189,3.1415926535897847,-8.947575191053071E-15,-3.0679146881092008
0.02905283766708355,0.8739548266939628,0.081,3.141592653589793,-0,2.1928905463134925
-0.25710127608546607,-0.7284292630275225,0.171,-3.1415926535897887,-4.736951571733978E-15,0.016702432273948215
0.136338745661167,0.7519267598202054,0.09899999999999999,3.141592653589793,-0,-1.6349214951224937
-0.4168378503344235,-0.7929037000664334,0.1710000000000001,3.141592653589786,7.368591333808408E-15,-0.7931518493665323
0.013614091723277722,0.855949501560975,0.063,3.141592653589793,-0,2.192890546313493
-0.1439504879785023,-0.6929433759063525,0.15299999999999997,-3.1415926535897922,5.263279524148869E-16,-2.5245076167677354
0.11136530368616485,0.7212709958198481,0.081,3.141592653589793,-0,-1.6349214951224882
-0.26587218172911,-0.727653718735825,0.15299999999999997,-3.141592653589791,-2.894803738281877E-15,-0.08592048005266031
-0.0023094736473274224,0.8391203344480549,0.045000000000000005,3.141592653589793,-0,-0.948702107276305
-0.35211337062204756,-0.8295317695098829,0.15299999999999994,3.1415926535897922,5.263279524148876E-16,-0.35103757150943515
0.08647704676646975,0.69260263634923,0.063,3.141592653589793,-0,-1.6349214951224882
-0.44874787113460063,-0.748685980966624,0.15299999999999941,-3.141592653589733,5.3685451146322927E-14,-1.001131808638156
-0.018600900964163884,0.8226704595291919,0.027000000000000003,3.141592653589793,-0,-0.9487021072763069
-0.1556313889750993,-0.7019434274907376,0.135,-3.1415926535897922,-5.263279524148869E-16,0.5271193978945885
0.062011099142015066,0.663453828267402,0.045000000000000005,3.141592653589793,-0,-1.6349214951225024
-0.27555677513464516,-0.72531422920506,0.135,3.141592653589793,-0,2.91965592331555
0.047313784927855866,0.8878909307334234,0.063,3.141592653589793,-0,-0.9487021072763069
-0.3794685002815298,-0.8170884945866096,0.135,3.1415926535897922,-7.894919286223295E-16,2.64212425602338
0.03648911404916448,0.6319734658399517,0.027000000000000003,3.141592653589793,-0,-1.6349214951225024
-0.45689084389404866,-0.7236044967665077,0.135,3.141592653589793,-0,-1.2278762378684946
0.030414181950764032,0.8724231015005498,0.045000000000000005,3.141592653589793,-0,2.1928905463134862
-0.1470335532186149,-0.6973098341441015,0.11699999999999999,3.1415926535897922,-9.21073916726052E-16,-2.5772293001827675
0.18543751983058593,0.798128334016203,0.09899999999999999,3.141592653589793,-0,-1.6349214951224937
-0.2481822062805949,-0.8380096807954266,0.11699999999999995,-3.141592653589785,8.02650127432703E-15,-3.0268894626314182
0.013961256282235964,0.8561984446972568,0.027000000000000003,3.141592653589793,-0,2.192890546313493
-0.2762923818908787,-0.7244297431656918,0.11699999999999967,3.1415926535897745,-1.881622429883221E-14,2.888584843435616
0.16086235489470777,0.7742556096594972,0.081,3.141592653589793,-0,-1.6349214951225164
-0.37817095949111534,-0.8187099348856727,0.11699999999999999,3.1415926535897927,2.631639762074432E-16,-0.4807947064037029
0.08316563079501191,0.9168563557361337,0.063,3.141592653589793,-0,2.1928905463134862
-0.5271179061128871,-0.8324402721788251,0.11699999999999995,-3.1415926535897927,-3.947459643111644E-16,-0.9143122138917794
0.13643854012975026,0.7519203516972202,0.063,3.141592653589793,-0,-1.6349214951225166
-0.4565522429002777,-0.7130771543078357,0.11699999999999999,3.141592653589793,-0,1.6666069740813012
0.0651531921025711,0.9029151474323435,0.045000000000000005,3.141592653589793,-0,2.1928905463134862
-0.5745490111285608,-0.7098807875531469,0.11699999999999999,3.141592653589792,1.5789838572446595E-15,-1.5271788344340167
0.11136530368616479,0.7212709958198477,0.045000000000000005,3.141592653589793,-0,-1.6349214951224882
-0.5302836303787433,-0.5857647159083078,0.11699999999999999,3.141592653589793,-0,-2.365802549899703
0.04766104470945948,0.8881399421515137,0.027000000000000003,3.141592653589793,-0,2.1928905463134862
-0.07397487542534634,-0.6168546619450637,0.099,3.141592653589792,1.5789838572446585E-15,1.1047672629772702
0.0864770467664697,0.6926026363492298,0.027000000000000003,3.141592653589793,-0,-1.6349214951224882
-0.16339126228282813,-0.706381766251154,0.09899999999999999,3.141592653589793,-0,-2.678275760899552
0.10213838464994103,0.9302081170716224,0.045000000000000005,3.141592653589793,-0,2.1928905463134862
-0.28062623400640035,-0.8388588714052847,0.09899999999999956,-3.141592653589777,1.6053002548654076E-14,-3.1144180509176906
0.23412882757672157,0.8379843846832884,0.09899999999999999,3.141592653589793,-0,-1.6349214951224937
-0.29000862037357455,-0.7190420651869948,0.09899999999999994,-3.14159265358979,-3.1579677144893265E-15,-0.44118056500498404
0.08350091490366691,0.9170967796947445,0.027000000000000003,3.141592653589793,-0,2.192890546313493
-0.4025608896776392,-0.8048711941546173,0.099,3.141592653589793,-2.6316397620744297E-16,2.4906416958041553
0.20981504165070175,0.8194145257302456,0.081,3.141592653589793,-0,-1.6349214951225164
-0.49487570163420613,-0.8645549394529358,0.09900000000000911,3.141592653589739,-5.947505862288039E-14,-0.7474894296318781
0.1417580077293311,0.9538940875134774,0.045000000000000005,3.141592653589793,-0,-0.9487021072763069
-0.5650051576292818,-0.7596399249973782,0.09899999999999996,-3.1415926535897927,6.579099405186074E-16,1.8938665317803864
0.18547463986538065,0.7979654173992666,0.063,3.141592653589793,-0,-1.6349214951224937
-0.45408436940965985,-0.6895368921762247,0.09899999999999955,3.1415926535897594,-3.368498895455277E-14,1.3065815318851992
0.12190444709174442,0.9424786541259265,0.027000000000000003,3.141592653589793,-0,2.192890546313493
-0.5620602605684697,-0.6329771582242028,0.09899999999999999,-3.141592653589793,2.6316397620744317E-16,1.1772563397371554
0.16080481874633842,0.7742593042401689,0.045000000000000005,3.141592653589793,-0,-1.6349214951224937
-0.46662007429423313,-0.5497601911556623,0.09899999999999999,3.141592653589793,-0,-2.940966013465956
0.16306257596442106,0.9640190957005916,0.027000000000000003,3.141592653589793,-0,-0.9487021072763069
-0.08502443302481089,-0.6368498035099011,0.08100000000000002,3.1415926535897927,3.9474596431116596E-16,0.982508354671007
0.13638100398138087,0.7519240462778918,0.027000000000000003,3.141592653589793,-0,-1.6349214951225166
-0.17973743358347144,-0.7130035653811686,0.08099999999999997,3.1415926535897896,-3.5527136788004777E-15,-2.759363291175676
0.20720123532296275,0.9814030276118759,0.027000000000000003,3.141592653589793,-0,2.192890546313493
-0.19225257530230544,-0.8229035001259093,0.08099999999999996,3.1415926535897603,-3.3027079014034165E-14,-2.862531257036206
0.2580756382981717,0.8524919290401831,0.081,3.141592653589793,-0,-1.6349214951224937
-0.3119066415609809,-0.8376130962988377,0.08099999999999997,3.141592653589793,-0,3.070190950531621
0.2340762926856694,0.8376666920763537,0.063,3.141592653589793,-0,-1.6349214951224937
-0.4272098110407844,-0.9104832869845855,0.08099999999999997,-3.1415926535897927,-3.94745964311165E-16,-0.4957511656833699
0.20984850827701906,0.8192839503144707,0.045000000000000005,3.141592653589793,-0,-1.6349214951225164
-0.4230406025839802,-0.7881183433996267,0.08100000000000002,-3.141592653589793,1.315819881037217E-16,2.3151338072656578
0.18543238154516678,0.7979681309415784,0.027000000000000003,3.141592653589793,-0,-1.6349214951224937
-0.5208051953480504,-0.8342351933743016,0.08099999999999997,3.1415926535897927,-2.631639762074433E-16,2.2620805585437083
0.282635944747958,0.8634957368316695,0.063,3.141592653589793,-0,-1.63492149512246
-0.5728346183653473,-0.7245761079103672,0.08100000000000002,3.141592653589793,-0,-1.4176827845879665
0.2580756382981719,0.852491929040183,0.045000000000000005,3.141592653589793,-0,-1.6349214951224937
-0.547413243667527,-0.6053790160975686,0.08100000000000002,-3.1415926535897922,-7.894919286223289E-16,-2.1693449826228077
0.23407629268566962,0.8376666920763535,0.027000000000000003,3.141592653589793,-0,-1.6349214951225164
-0.4458731493908679,-0.6699078170239079,0.08099999999999997,3.141592653589792,1.973729821555827E-15,-2.1291566936735657
0.32926172574555473,0.8719120844259578,0.063,3.141592653589793,-0,-1.63492149512246
-0.44106370791529753,-0.5459588515441635,0.0809999999999999,3.1415926535897865,-6.710681393289804E-15,0.017616523518806798
0.30445483160365205,0.8694791070738784,0.045000000000000005,3.141592653589793,-0,-1.63492149512246
-0.3018890842770875,-0.7121969250509749,0.08099999999999996,-3.141592653589792,-1.3158198810372172E-15,-0.6078147237710391
0.2818329088705641,0.8635473023416289,0.027000000000000003,3.141592653589793,-0,-1.63492149512246
-0.0734572955353412,-0.6174923374973749,0.06299999999999999,-3.1415926535897922,-7.237009345704699E-16,1.0727403914061135
0.3514547872792553,0.8716861441865486,0.045000000000000005,3.141592653589793,-0,-1.63492149512246
-0.16936128599291106,-0.7073211854270008,0.06300000000000001,-3.1415926535897922,-9.868649107779142E-16,0.44203889566740234
0.32846805012561636,0.8719630488837568,0.027000000000000003,3.141592653589793,-0,-1.63492149512246
-0.16310688712024843,-0.812824459590238,0.0630000000000962,3.141592653587338,-2.447951306681667E-12,0.3395533015517071
0.3968669717553522,0.8592620009370614,0.045000000000000005,3.141592653589793,-0,-1.63492149512246
-0.2503332450968345,-0.957654657608551,0.06299999999999484,-3.141592653588719,1.0712089651523987E-12,-0.06644071424074291
0.37437350567390376,0.8678880067014388,0.027000000000000003,3.141592653589793,-0,-1.63492149512246
-0.291054759450528,-0.8377320121897092,0.06299999999999918,-3.141592653589588,2.0559685641206493E-13,-3.1219476105944852
0.4190394480405879,0.8456371825392478,0.027000000000000003,3.141592653589793,-0,-1.63492149512246
-0.30084757225453185,-0.7132796919538641,0.063,3.141592653589793,-0,2.590575824614441
0.6536448571984288,0.718710823966312,0.063,3.141592653589793,-0,-3.078337491499841
-0.3779799936401438,-0.9322408687366724,0.063,-3.1415926535897927,5.263279524148866E-16,2.7822816808889472
0.5592672008406783,0.7826392865255591,0.045000000000000005,3.141592653589793,-0,-3.078337491499841
-0.415916443978643,-0.7966004275402694,0.063,3.1415926535897927,-2.631639762074431E-16,2.3803691714037645
0.5160605819830193,0.80218064558279,0.027000000000000003,3.141592653589793,-0,-3.0783374914998416
-0.4896276244435966,-0.8644279478344015,0.063,3.141592653589793,-0,-0.7371111495901315
0.6778477082274429,0.6746892209305742,0.063,3.141592653589793,-0,-3.078337491499841
-0.5639988603679837,-0.7564193601757707,0.06299999999999999,3.1415926535897927,1.9737298215558273E-16,-1.235639320697474
0.619862764968181,0.7403852075138465,0.045000000000000005,3.141592653589793,-0,-3.078337491499841
-0.5588087637633967,-0.624953156123032,0.063,3.1415926535897896,-1.0460768054246351E-14,-2.0220358231877404
0.5863651180164305,0.7605415295814305,0.027000000000000003,3.141592653589793,-0,-3.078337491499841
-0.4477340219805053,-0.670808422208423,0.063,3.141592653589793,-0,1.0497309524618743
0.6745181672332184,0.627848569125773,0.063,3.141592653589793,-0,-3.078337491499841
-0.4534691402674565,-0.5464891750588549,0.06300000000000038,-3.14159265358975,4.31588920980207E-14,0.14074934689966015
0.6570426494019084,0.6966479872371779,0.045000000000000005,3.141592653589793,-0,-3.078337491499841
-0.04355103354624926,-0.5226991473576973,0.04500000000000001,-3.141592653589793,-6.579099405186087E-17,1.4366158106670694
0.6337048160152646,0.7174478284739566,0.027000000000000003,3.141592653589793,-0,-3.078337491499841
-0.08902401524901173,-0.6404090998208443,0.04500000000000001,3.141592653589793,-0,-2.2070596981965993
0.6710116762539592,0.6514405990591453,0.045000000000000005,3.141592653589793,-0,-3.078337491499841
-0.08988417932329082,-0.7807777457642958,0.04500000000000001,3.1415926535897927,3.289549702593048E-16,0.5131970734813345
0.6579247345509323,0.6731567654222298,0.027000000000000003,3.141592653589793,-0,-3.078337491499841
-0.19103415395181644,-0.7150727033259352,0.04500000000000006,3.1415926535897922,-1.1842378929334961E-15,-2.789460207418632
0.647108426489146,0.6010623466651416,0.045000000000000005,3.141592653589793,-0,-3.078337491499841
-0.16820740357083497,-0.9626967207411307,0.04499999999999998,-3.1415926535897927,-5.263279524148864E-16,0.022408498793039328
0.6545781260500543,0.6265855736334177,0.027000000000000003,3.141592653589793,-0,-3.078337491499841
-0.20371828480660517,-0.8248539333122289,0.04500000000000603,-3.141592653588718,1.070814219188059E-12,0.24349971107256455
0.6059666372578761,0.5774143566727907,0.027000000000000003,3.141592653589793,-0,-3.078337491499841
-0.29248180312017313,-0.9554120695242933,0.04500000000000001,3.141592653589793,-0,2.9784409470456086
0.3287128236817861,0.47187096926061156,0.09899999999999999,3.141592653589793,-0,-0.25242713153428276
-0.32890123403487836,-0.8355710635212853,0.044999999999996966,-3.1415926535897283,6.283039931952837E-14,-0.12551942783097073
0.2234265394129608,0.552566018528549,0.063,3.141592653589793,-0,2.9032484859042214
-0.41184199392137416,-0.917420568204318,0.045000000000000005,3.141592653589793,-0,2.6722887307100622
0.3710462655769977,0.48470469701145114,0.081,3.141592653589793,-0,-0.25242713153428276
-0.5118119575045299,-0.8413291350797827,0.04499999999999999,3.141592653589793,6.579099405186095E-17,-0.8426520550784481
0.25636092520582704,0.5682333209015611,0.045000000000000005,3.141592653589793,-0,2.9032484859042214
-0.4372869496966253,-0.7706604709455124,0.04500000000000571,-3.1415926535886567,1.136605213239948E-12,2.1574004011933465
0.4162900061735448,0.4967239275339195,0.063,3.141592653589793,-0,-0.25242713153428276
-0.570859209317659,-0.7297038978286866,0.045000000000000005,-3.141592653589793,-6.579099405186087E-17,-1.367714147412753
0.29423491791793005,0.582700484433319,0.027000000000000003,3.141592653589793,-0,2.903248485904208
-0.547103666260951,-0.6052431923086116,0.045000000000002344,3.141592653589757,-3.585609175826411E-14,0.9590272068231054
0.46425020769420783,0.5081701983739324,0.045000000000000005,3.141592653589793,-0,-0.25242713153428276
-0.4313804507602154,-0.6472552947514632,0.04500000000000001,-3.1415926535897927,-3.947459643111648E-16,-2.348750487202236
0.1560463454118707,0.5215986326272362,0.063,3.141592653589793,-0,2.9032484859042214
-0.4357102992583751,-0.545026631847238,0.04499999999999694,-3.141592653589656,1.32766225996652E-13,-3.108473071502258
0.5141861261577885,0.5190430276387752,0.027000000000000003,3.141592653589793,-0,-0.25242713153426277
-0.31635717696278814,-0.7024691408255908,0.04499999999998234,3.141592653588544,-1.2492393950567348E-12,2.410566265111316
0.17022103677237913,0.5418238357211888,0.045000000000000005,3.141592653589793,-0,-0.23834416768558075
-0.050691193145505596,-0.5528731895364205,0.027000000000000003,3.141592653589793,-0,1.3203361770451214
0.27503629244167294,0.43821020594009136,0.09899999999999999,3.141592653589793,-0,-0.2524271315342827
-0.10626356125020484,-0.6606095428694923,0.026999999999999635,3.1415926535896137,-1.795436227675281E-13,-2.32002523686498
0.19441743894765282,0.5596141397227092,0.027000000000000003,3.141592653589793,-0,2.9032484859042214
-0.12387936930532727,-0.7989904972109406,0.027000000000000003,3.141592653589793,-0,0.40842775901870304
0.30940177511119726,0.4530991007199442,0.081,3.141592653589793,-0,2.8891655220555106
-0.09464324241343527,-0.9606854994608709,0.027000000000000003,-3.141592653589793,-6.579099405186085E-17,0.08071791706547475
0.11124804846808918,0.4851446944129954,0.063,3.141592653589793,-0,2.9032484859042214
-0.2116885104435105,-0.7208947960648266,0.02699999999999999,-3.141592653589793,1.9737298215558298E-16,-2.8765259320574548
0.34807900541047837,0.4668758711383264,0.063,3.141592653589793,-0,2.8891655220555106
-0.21362932951033287,-0.9636999809594174,0.02700000000000001,3.141592653589793,2.30268479181513E-16,-0.041370217280017246
0.11105892764908541,0.5088597640463254,0.045000000000000005,3.141592653589793,-0,2.9032484859042214
-0.23910838906779383,-0.8324131786466766,0.027000000000000003,3.141592653589793,-0,-2.989565935402329
0.3904124473056902,0.4797095988891658,0.045000000000000005,3.141592653589793,-0,2.8891655220555106
-0.33216258635440193,-0.9478797530704168,0.027000000000007567,-3.1415926535896785,1.1256839082273103E-13,2.902666908000012
0.11717713586128266,0.5310423897668747,0.027000000000000003,3.141592653589793,-0,-0.23834416768558075
-0.3601286151854024,-0.8282254275840286,0.026999999999999864,-3.1415926535897807,1.592142056055096E-14,-0.3051920754211219
0.4356561879022372,0.49172882941163437,0.027000000000000003,3.141592653589793,-0,-0.25242713153428276
-0.44367506709850074,-0.9026676960613348,0.027000000000000003,3.141592653589793,-0,-0.5532621523079897
0.08751139106696637,0.4435735693276244,0.063,3.141592653589793,-0,2.9032484859042214
-0.5320377676052623,-0.8202721069463503,0.02700000000000001,3.141592653589792,-1.644774851296517E-15,2.183539930411828
0.23922974053952364,0.3999402583473765,0.09899999999999999,3.141592653589793,-0,-0.25242713153426855
-0.44943957380277155,-0.7453167561395138,0.02699999999999826,-3.1415926535897496,4.388259303259116E-14,1.9655160706749737
0.07764393144671997,0.46964011155869523,0.045000000000000005,3.141592653589793,-0,2.9032484859042214
-0.5746111560216696,-0.7065569837131904,0.027000000000000017,-3.141592653589793,2.631639762074434E-16,1.6335117202991547
0.26458995932790486,0.4171518710141913,0.081,3.141592653589793,-0,2.8891655220555106
-0.5350414481205177,-0.5913093511393155,0.02700000000000001,3.1415926535897927,4.2764146133709593E-16,-2.318381768897054
0.07237883891750113,0.49458845155263403,0.027000000000000003,3.141592653589793,-0,-0.23834416768558023
-0.41599565879388756,-0.6306673842410611,0.026999999999999996,3.1415926535897927,-4.605369583630264E-16,0.6692525274594469
0.2944024741703654,0.4332151078178058,0.063,3.141592653589793,-0,-0.2524271315342827
-0.4222215957272783,-0.5453216477144158,0.027000000000000003,3.141592653589793,-0,3.10907034917068
0.08890863819199092,0.3958958500238435,0.063,3.141592653589793,-0,2.9032484859042214
-0.32867202107495846,-0.6919968657748978,0.02700000000000001,-3.141592653589793,-6.579099405186074E-17,-0.8326291862285324
0.3287679568398897,0.44810400259765903,0.045000000000000005,3.141592653589793,-0,-0.25242713153428276
-0.16414101247604154,-0.5166137620438321,0.15299999999999994,-3.141592653589789,3.4211316906967647E-15,-1.9713311394790405
0.06489306388874223,0.4253998524089758,0.045000000000000005,3.141592653589793,-0,2.9032484859042182
-0.17941583193328645,-0.554699650740283,0.135,3.141592653589793,-0,-2.1826685528615384
0.367445187139171,0.46188077301604097,0.027000000000000003,3.141592653589793,-0,-0.25242713153428276
-0.24969938100180328,-0.47120248865788184,0.135,-3.141592653589792,1.3158198810372156E-15,-1.5580755572493166
0.048642181516378315,0.45301732646726284,0.027000000000000003,3.141592653589793,-0,2.9032484859042182
-0.1506415908920935,-0.43758823843340144,0.13499999999999998,-3.141592653589793,-7.894919286223309E-16,-1.492453829075317
0.2397953799488025,0.3761017559471175,0.081,3.141592653589793,-0,-0.25242713153426843
-0.18428786634108513,-0.5671997295486619,0.117,3.141592653589792,-1.842147833452102E-15,-2.2576717336253163
0.12031314872134738,0.34092749344464096,0.063,3.141592653589793,-0,2.9032484859042214
-0.2501155061278032,-0.4861966397408897,0.11699999999999999,-3.1415926535897922,1.3158198810372174E-15,-1.6691374375593713
0.25859592226821604,0.3949451602250912,0.063,3.141592653589793,-0,2.8891655220555106
-0.15100007544251967,-0.4440860910826176,0.11699999999999998,3.141592653589793,-0,-1.4545476440619538
0.08178083700603114,0.3739585174534327,0.045000000000000005,3.141592653589793,-0,2.9032484859042214
-0.3049488798788862,-0.3744171676523694,0.11699999999999999,3.141592653589793,-0,2.493815720033439
0.2839561410565973,0.4121567728919062,0.045000000000000005,3.141592653589793,-0,-0.2524271315342827
-0.19482912196430024,-0.5820326493714403,0.09899999999999999,3.141592653589793,-0,-2.3772511729765946
0.05003942864140285,0.405339607163482,0.027000000000000003,3.141592653589793,-0,2.9032484859042182
-0.25165136646190966,-0.5030871282537199,0.09899999999999999,3.141592653589793,-0,-1.7842593830659044
0.31376865589905784,0.4282200096955205,0.027000000000000003,3.141592653589793,-0,-0.25242713153428276
-0.1479259484360553,-0.46778069131426914,0.09899999999999999,-3.141592653589793,1.3158198810372176E-16,-1.5755884837577598
0.1251485509513856,0.3160835520447985,0.045000000000000005,3.141592653589793,-0,2.9032484859042214
-0.19166622624623234,-0.3516417127813835,0.0990000000000001,3.1415926535897922,6.579099405186086E-16,2.2787200539192267
0.25099132925505757,0.3494011121481045,0.063,3.141592653589793,-0,-0.25242713153426843
-0.3473483790170597,-0.46704521031848373,0.09899999999999999,3.141592653589793,-0,-0.9454378864806835
0.08144393917075934,0.35037125058427954,0.027000000000000003,3.141592653589793,-0,2.9032484859042214
-0.2888235021718484,-0.3888495948901983,0.09899999999999999,3.1415926535897927,3.947459643111659E-16,2.417520487524453
0.25916156167749477,0.37110665782483215,0.045000000000000005,3.141592653589793,-0,-0.25242713153428276
-0.4564472970421275,-0.4066668469782019,0.09899999999999995,3.1415926535897922,9.210739167260516E-16,2.956618811925935
0.13376251998969788,0.29032156091650274,0.027000000000000003,3.141592653589793,-0,2.9032484859042214
-0.20398263982061263,-0.5913563241468524,0.08099999999999995,-3.1415926535897856,2.0789954120387868E-14,0.6865762308372624
0.2779621039969085,0.3899500621028057,0.027000000000000003,3.141592653589793,-0,2.8891655220555106
-0.2541012890193307,-0.5156764633540144,0.081,3.141592653589793,-0,-1.8576229981334935
0.2777000128379832,0.31881956288956215,0.045000000000000005,3.141592653589793,-0,-0.2524271315342827
-0.34086646141354976,-0.4809060294161454,0.08099999999999986,-3.1415926535897087,8.618620220793789E-14,2.064089730079462
0.2703575109837499,0.344406014025819,0.027000000000000003,3.141592653589793,-0,-0.2524271315342827
-0.1468548466820711,-0.4860823255344991,0.08100000000000002,3.141592653589793,-0,1.4563866929494735
0.2926322941410275,0.29115521105543507,0.027000000000000003,3.141592653589793,-0,-0.2524271315342827
-0.17366385452925148,-0.3689248894147654,0.08099999999997133,3.1415926535881473,-1.6509592047373631E-12,2.204694110656868
0.4401496099530599,0.10372077187975061,0.063,3.141592653589793,-0,-2.49956432397872
-0.2760336408444479,-0.40098662867602153,0.081,3.141592653589793,-0,2.3174061668191936
0.35843039976403807,0.12876022163263548,0.045000000000000005,3.141592653589793,-0,-2.499564323978743
-0.26442486072904636,-0.28647730788998277,0.08100000000000049,-3.1415926535897687,3.2500751061619236E-14,2.4891291765266756
0.3395227857916665,0.14335520007756983,0.027000000000000003,3.141592653589793,-0,-2.499564323978743
-0.37903953804296137,-0.33514892630781895,0.08100000000000002,3.141592653589793,-0,-0.4298522854661191
0.4946064031975576,0.08700156934607867,0.063,3.141592653589793,-0,0.6420283296110522
-0.4376531996754669,-0.41122411693163574,0.08099999999999989,-3.141592653589777,1.6316166524861478E-14,-0.25431596431003733
0.42128237426003534,0.11831810720194477,0.045000000000000005,3.141592653589793,-0,-2.49956432397872
-0.5596431624130885,-0.39735665178675655,0.08100000000000002,-3.141592653589793,1.3158198810372168E-16,-0.044211470996468126
0.40182043341512275,0.13249861471259544,0.027000000000000003,3.141592653589793,-0,-2.499564323978743
-0.19918728648529788,-0.5869580930566517,0.0629999999999985,-3.1415926535896745,1.2289757688887286E-13,0.7189092499379456
0.4814801721926981,0.10589146145146361,0.045000000000000005,3.141592653589793,-0,0.6420283296110522
-0.2526805235099599,-0.5102264784415573,0.063,3.141592653589793,-0,1.3098521787531872
0.4641760939398186,0.12168540567045216,0.027000000000000003,3.141592653589793,-0,-2.49956432397872
-0.14412099026953132,-0.4721719905526355,0.063,3.141592653589793,-0,-1.631468811589313
0.5233297836905585,0.07975976949271085,0.045000000000000005,3.141592653589793,-0,-2.499564323978741
-0.34409758167806004,-0.47578501083668484,0.063,3.141592653589793,-0,2.123797674255256
0.5186328871843164,0.10496620313678022,0.027000000000000003,3.141592653589793,-0,-2.499564323978741
-0.18326818576044837,-0.3515926134315021,0.06299999999999997,3.1415926535897905,-2.6316397620744335E-15,-0.811226487644948
0.5407914080711058,0.06409753972908543,0.027000000000000003,3.141592653589793,-0,0.6420283296110517
-0.2859027356578851,-0.39144683785295453,0.06299999999999988,3.1415926535897922,-1.052655904829775E-15,-0.7365534342523398
0.911759857789744,0.23613616116914718,0.11699999999999999,3.141592653589793,-0,-1.8039223057398754
-0.28500683143083333,-0.2693266971378088,0.063,-3.1415926535897922,-7.894919286223299E-16,2.5194915421721085
0.7258323174897611,0.21793545140927215,0.081,3.141592653589793,-0,1.3376703478499168
-0.39875379615663553,-0.3259608186737862,0.063,-3.141592653589793,2.6316397620744327E-16,-0.4183391223473758
0.85834675622304,0.3098603935808757,0.09899999999999999,3.141592653589793,-0,-1.8039223057398754
-0.4536417817004527,-0.4077005231697049,0.063,3.141592653589793,-0,2.9426867812521844
0.6987664168895193,0.20350492763820974,0.063,3.141592653589793,-0,1.3376703478499168
-0.5860371507861212,-0.39666091716634044,0.063,-3.1415926535897922,-9.210739167260516E-16,3.1030275450711606
0.799024899630861,0.3586997000805336,0.081,3.141592653589793,-0,-1.803922305739931
-0.5181919061326341,-0.27217636745240664,0.063,-3.141592653589793,2.631639762074437E-16,-0.45293261273494473
0.6694692443660232,0.179144250607885,0.045000000000000005,3.141592653589793,-0,1.3376703478499168
-0.2111577813754516,-0.5952697827268525,0.04499999999999886,3.14159265358961,-1.828989634641729E-13,-2.4913353945153167
0.7303771088341823,0.3682625125067624,0.063,3.141592653589793,-0,-1.803922305739931
-0.25707929631047527,-0.5213958110429674,0.04500000000000001,-3.1415926535897927,-3.947459643111653E-16,1.2612537986451757
0.6375332921385043,0.1447364106426269,0.027000000000000003,3.141592653589793,-0,1.3376703478499168
-0.3400174414564267,-0.48252348204622525,0.045000000000000005,3.141592653589793,-0,2.0921257844116465
0.6542365572282969,0.34602211806776656,0.045000000000000005,3.141592653589793,-0,-1.8039223057398754
-0.14559625086780237,-0.490355821160791,0.044999999999999984,-3.1415926535897922,7.894919286223305E-16,-1.7311971875870322
0.7692266607310352,0.2021083982964015,0.081,3.141592653589793,-0,-1.803922305739931
-0.16774605468162498,-0.3684667595568012,0.045000000000000005,3.141592653589793,-0,2.1903123031297254
0.6267483492810544,0.33006021819027587,0.027000000000000003,3.141592653589793,-0,-1.8039223057398754
-0.27620198467307844,-0.4024866720985149,0.04499999999999989,3.141592653589787,-6.315935428978634E-15,-0.8379970699311937
0.7452762347244016,0.20026572892911712,0.063,3.141592653589793,-0,1.3376703478499168
-0.2633308252125611,-0.28567924156470725,0.04499999999999999,3.141592653589793,1.9737298215558249E-16,2.523524571361526
0.8963181166938837,0.27066118671587874,0.09899999999999999,3.141592653589793,-0,-1.803922305739931
-0.3821665052828706,-0.33397808487158154,0.045000000000000005,3.141592653589793,-0,2.7097807204685016
0.7189900025055873,0.18858573100708512,0.045000000000000005,3.141592653589793,-0,1.3376703478499168
-0.44118869888408563,-0.41045087360494337,0.04500000000000001,3.141592653589793,-0,2.896703584715322
0.8427006701245249,0.34352481308965976,0.081,3.141592653589793,-0,-1.8039223057398754
-0.3649314451066145,-0.20953044807620597,0.04500000000000001,3.1415926535897922,-7.894919286223329E-16,-0.6844813264991435
0.6918358149287104,0.17431645805755475,0.027000000000000003,3.141592653589793,-0,1.3376703478499168
-0.4978311977237234,-0.2815535410907094,0.04499999999999994,3.141592653589787,-7.631755310015634E-15,2.684460421940611
0.7801345015685219,0.37870058767657716,0.063,3.141592653589793,-0,-1.803922305739931
-0.5682964334938483,-0.39747363979326444,0.045000000000000005,-3.141592653589793,-6.579099405186077E-17,-0.03560856699979162
0.7842829466296443,0.16542694039706582,0.063,3.141592653589793,-0,1.3376703478499168
-0.6956451707863834,-0.3864722255367465,0.045000000000000005,3.141592653589793,1.3158198810372166E-16,2.9304702729714514
0.7085794437396997,0.37577215868890673,0.045000000000000005,3.141592653589793,-0,-1.803922305739931
-0.6065448720914736,-0.21629174862658507,0.04499999999999995,3.14159265358979,-3.421131690696759E-15,-0.660250981766772
0.7623843457468614,0.17275867789421445,0.045000000000000005,3.141592653589793,-0,1.3376703478499168
-0.810178589192193,-0.33190198530410286,0.044999999999999984,3.141592653589776,-1.0921305012609269E-14,2.548678884800123
0.6850578876480276,0.3765159501320081,0.027000000000000003,3.141592653589793,-0,-1.8039223057398754
-0.2197997387426501,-0.5995658748201664,0.02700000000000001,-3.141592653589793,-3.2895497025930476E-17,0.6165751460836342
0.7383456327635931,0.17107725934846213,0.027000000000000003,3.141592653589793,-0,1.3376703478499168
-0.26113467858012335,-0.528003352793806,0.026999999999999996,3.141592653589793,-2.3026847918151305E-16,-1.8984246863112042
0.9308538639697295,0.2169927761944067,0.09899999999999999,3.141592653589793,-0,-1.803922305739931
-0.3382630882367248,-0.484801108887915,0.027000000000000003,3.141592653589793,-6.579099405186105E-17,-1.0401097633386525
0.7966737409950546,0.11805274729785611,0.045000000000000005,3.141592653589793,-0,1.3376703478499168
-0.14842095078852513,-0.5027309635159001,0.02699999999999983,3.1415926535897887,-2.7632217501783138E-15,1.3261459324215805
0.882346386567044,0.3113772142412308,0.081,3.141592653589793,-0,-1.803922305739931
-0.16093202344661406,-0.3829793966023855,0.027000000000000003,-3.141592653589793,3.289549702593045E-17,-1.0795602680063066
0.7773523446688356,0.13623847081641074,0.027000000000000003,3.141592653589793,-0,1.3376703478499168
-0.2716238565790552,-0.41087064242618765,0.026999999999999982,3.141592653589791,-2.3026847918151284E-15,-0.9236233553148886
0.8260395523126473,0.37291439147263505,0.063,3.141592653589793,-0,-1.803922305739931
-0.24857209548759732,-0.2985475652456468,0.027000000000000003,3.141592653589793,-0,-0.5885696698195558
0.8097939198793771,0.07375038229718224,0.027000000000000003,3.141592653589793,-0,1.3376703478499168
-0.37102567769138567,-0.34029643001934334,0.027000000000000003,3.1415926535897927,3.9474596431116537E-16,2.6940318442410383
0.7603639801794292,0.3947476196031245,0.045000000000000005,3.141592653589793,-0,-1.8039223057398754
-0.4335653114367327,-0.41227804917799654,0.027000000000000003,3.141592653589793,-0,2.861500979300549
0.7396179114485941,0.40718047194763596,0.027000000000000003,3.141592653589793,-0,-1.8039223057398754
-0.34787073971754934,-0.22611311958265162,0.026999999999999698,-3.1415926535897754,1.7631986405898296E-14,2.436643891228566
0.9186904597505524,0.2653246307498025,0.081,3.141592653589793,-0,-1.8039223057398754
-0.48316053642309764,-0.28976850499240786,0.026999999999999996,3.141592653589793,-3.289549702593042E-17,2.694767138959173
0.8675875588374521,0.3487783530217493,0.063,3.141592653589793,-0,-1.803922305739931
-0.5554190632755442,-0.39790073540496773,0.027000000000003146,3.141592653588761,-1.0285764010069048E-12,3.106062312780253
0.8082657022452733,0.39761765952140715,0.045000000000000005,3.141592653589793,-0,-1.8039223057398754
-0.43520400737246134,-0.13965020249685817,0.026999999999999948,3.1415926535897927,-4.2764146133709465E-16,-0.8488513090792398
0.7893753041829338,0.4176185471174507,0.027000000000000003,3.141592653589793,-0,-1.8039223057398754
-0.678076944727428,-0.3900304282632455,0.027000000000000003,3.141592653589793,-0,-0.15950495887934565
0.9511167510630043,0.20277217356578484,0.081,3.141592653589793,-0,-1.803922305739931
-0.5890706500460438,-0.22760031359888405,0.02699999999999815,3.141592653589664,-1.2921351231785476E-13,-0.6390762145089064
0.9055589193082955,0.30957914615675247,0.063,3.141592653589793,-0,-1.8039223057398754
-0.7912954154871231,-0.3450948805445875,0.027000000000000003,3.1415926535897927,4.934324553889562E-16,2.5093371818869192
0.8519414727389371,0.38244277253053344,0.045000000000000005,3.141592653589793,-0,-1.8039223057398754
-0.5096224960322979,-0.0442986373349594,0.027000000000000003,3.141592653589793,-0,-0.9572952905741534
0.8352803549270592,0.4118323509135088,0.027000000000000003,3.141592653589793,-0,-1.8039223057398754
-0.6749963944972622,-0.14036808288697053,0.027000000000000003,3.141592653589793,-0,-0.9672002302172161
0.9400946665841412,0.25591073563528016,0.063,3.141592653589793,-0,-1.803922305739931
-0.8705621535497835,-0.2522602115348721,0.027000000000000003,3.141592653589793,-0,-1.0564238764605853
0.8915871891814561,0.35029517368210444,0.045000000000000005,3.141592653589793,-0,-1.803922305739931
-0.9169612834123835,-0.13863958823602696,0.027000000000000003,3.141592653589793,-0,-1.2874450311747219
0.8768283614518639,0.3876963124626232,0.027000000000000003,3.141592653589793,-0,-1.803922305739931
-0.7298360193637755,-0.0302563192061809,0.027000000000000003,3.141592653589793,-0,-1.2651735494148395
0.969994999638621,0.18272011798674145,0.063,3.141592653589793,-0,1.3376703478498615
-0.9344206741227312,0.1592329238028106,0.0810000000000743,3.141592653589793,-0,1.5707963267948957
0.9279312623649645,0.30424259019067623,0.045000000000000005,3.141592653589793,-0,1.3376703478498624
-0.9344206741227312,0.11323292380281057,0.0630000000000743,3.141592653589793,-0,-1.5707963267948957
0.9147997219227075,0.34849710559762603,0.027000000000000003,3.141592653589793,-0,-1.803922305739931
-0.9344206741227312,0.04123292380281056,0.04500000000007431,3.141592653589793,-0,-1.5707963267948957
0.9603575536774164,0.24169013300665845,0.045000000000000005,3.141592653589793,-0,-1.8039223057398754
-0.9344206741227312,-0.004767076197189419,0.027000000000074305,3.141592653589793,-0,-1.5707963267948957
0.9493354691985529,0.29482869507615383,0.027000000000000003,3.141592653589793,-0,-1.803922305739931
-0.852420674122731,0.1952329238028106,0.081,3.141592653589793,-0,3.141592653589793
0.9871300779061386,0.1553266404360021,0.045000000000000005,3.141592653589793,-0,-1.8039223057398754
-0.8984206741227311,0.1952329238028106,0.063,3.141592653589793,-0,3.141592653589793
0.9792358022530326,0.22163807742761513,0.027000000000000003,3.141592653589793,-0,-1.8039223057398754
-0.9344206741227312,0.1592329238028106,0.04500000000007431,3.141592653589793,-0,1.5707963267948957
1.0019568605935776,0.11821169630803093,0.027000000000000003,3.141592653589793,-0,-1.803922305739931
-0.9344206741227312,0.11323292380281057,0.027000000000074305,3.141592653589793,-0,-1.5707963267948957
0.40383634889137,-0.6190607832091848,0.11699999999999998,-3.1415926535897927,-1.3158198810372185E-16,1.948140180988385
-0.8164206741227304,0.1592329238028104,0.06299999999924441,3.141592653589793,-0,1.5707963267949092
0.38522257670866705,-0.725444623170213,0.11699999999999999,3.1415926535897927,-0,-1.285872828046107
-0.852420674122731,0.1952329238028106,0.045000000000000005,3.141592653589793,-0,3.141592653589793
0.3439207022948062,-0.8252350708640884,0.11699999999999999,3.141592653589793,-0,-1.6158185746951033
-0.8984206741227311,0.1952329238028106,0.027000000000000003,3.141592653589793,-0,3.141592653589793
0.47676077584280563,-0.25426105575597824,0.09899999999999956,3.141592653589763,-1.14476329650235E-13,0.7914553233982543
-0.8164206741227304,0.11323292380281037,0.04499999999924441,3.141592653589793,-0,1.5707963267949092
0.45110233515326026,-0.3591688526361835,0.09899999999999987,3.1415926535897887,-1.263187085795756E-14,0.8239344994504093
-0.8164206741227304,0.1592329238028104,0.0269999999992444,3.141592653589793,-0,1.5707963267949092
0.42909873850291,-0.4649036309527253,0.09899999999999998,-3.1415926535897905,1.8553060322624485E-14,0.8606639160806419
-0.78042067412273,0.07723292380281088,0.027000000001693947,3.141592653589793,-0,-3.141592653589779
0.41099189238832706,-0.571374958634119,0.09899999999999999,-3.1415926535897905,1.6974076465379874E-14,0.8947665649496659
-0.7819949043711589,0.27796933865859735,0.1170000000002985,3.141592653589793,-0,3.141592653589793
0.3947128246037089,-0.6781410171840351,0.099,-3.141592653589793,-6.579099405186101E-16,0.87883441656143
-0.8179949043711598,0.36006871777663224,0.1170000000002985,3.141592653589793,-0,1.5707963267949092
0.3664884725235577,-0.7823877235271297,0.09899999999999987,-3.1415926535897922,4.34220560742282E-15,-2.4992524260382982
-0.7358955252531256,0.39606871777663216,0.1170000000002985,3.141592653589793,-0,3.141592653589793
0.3060889746001468,-0.8719191911640892,0.09899999999999999,3.141592653589793,-0,-2.89039536271199
-0.6178955252531256,0.39606871777663216,0.1170000000002985,3.141592653589793,-0,3.141592653589793
0.49002545970703526,-0.20560737767744133,0.08099999999999997,-3.1415926535897807,3.5527136788004887E-15,-1.3164791190299652
-0.5818955252531256,0.3140687177766321,0.11700000000134494,3.141592653589793,-0,1.5707963267948977
0.4628265792076634,-0.31012638504254997,0.08099999999999286,-3.1415926535894783,8.605462021983633E-14,1.8551740943220454
-0.6632203566728777,0.2780687177766321,0.1170000000002985,3.141592653589793,-0,3.141592653589793
0.439015171733104,-0.4154687752707507,0.0809999999999999,3.141592653589792,3.947459643111655E-16,1.889799249169204
-0.8179949043711596,0.31396933865859755,0.09900000000029852,3.141592653589793,-0,1.5707963267949092
0.41905452980954666,-0.521608189483564,0.08099999999999936,-3.1415926535897025,2.4211085811084735E-14,-1.2145955564608646
-0.7818955252531256,0.39606871777663216,0.09900000000029852,3.141592653589793,-0,3.141592653589793
0.4024999234690983,-0.6283318809642546,0.08099999999999997,-3.1415926535897922,-2.6316397620744356E-16,1.946786460309671
-0.6638955252531256,0.39606871777663216,0.09900000000029852,3.141592653589793,-0,3.141592653589793
0.38290483589466573,-0.7345393435136728,0.08100000000000002,3.1415926535897927,-1.3158198810372205E-16,-1.3081151702640097
-0.5818955252531256,0.3600687177766321,0.09900000000134494,3.141592653589793,-0,1.5707963267948977
0.3387136304919068,-0.833084332463847,0.08099999999997608,3.141592653589763,-2.0263626167972563E-14,1.491449220188791
-0.6178955252531256,0.27806871777663206,0.09900000000029852,3.141592653589793,-0,3.141592653589793
0.2605454538897889,-0.9076075438013192,0.08099999999999997,-3.1415926535897922,-3.9474596431116556E-16,1.0810816438160555
-0.7358955252531256,0.27806871777663206,0.09900000000029852,3.141592653589793,-0,3.141592653589793
0.5260460189964726,-0.08312251650346393,0.06299999999999824,3.1415926535895125,-1.041076689876671E-12,-2.394819706226227
-0.7819949043711589,0.27796933865859735,0.08100000000029851,3.141592653589793,-0,3.141592653589793
0.49546331375156333,-0.18670195125193176,0.063,-3.141592653589793,-1.9737298215558278E-16,0.7732892309096221
-0.8179949043711598,0.36006871777663224,0.08100000000029851,3.141592653589793,-0,1.5707963267949092
0.46771135000549735,-0.29107546211183205,0.06300000000000001,3.141592653589793,-0,0.8020329183007846
-0.7358955252531256,0.39606871777663216,0.08100000000029851,3.141592653589793,-0,3.141592653589793
0.44321070346954305,-0.3962596804507798,0.0629999999999988,3.1415926535897905,-1.1250259982868215E-14,-2.306093003400941
-0.6178955252531256,0.39606871777663216,0.08100000000029851,3.141592653589793,-0,3.141592653589793
0.42247364000843846,-0.5022501320467785,0.06299999999999999,3.141592653589793,1.973729821555826E-16,0.872674511875849
-0.5818955252531256,0.3140687177766321,0.08100000000134494,3.141592653589793,-0,1.5707963267948977
0.4054055227003401,-0.6088929027692518,0.06299999999999994,3.1415926535897922,-3.355340696644908E-15,-2.2420587117367297
-0.6632203566728777,0.2780687177766321,0.08100000000029851,3.141592653589793,-0,3.141592653589793
0.38755131320452213,-0.7154068650707182,0.06299999999999994,3.1415926535897922,-4.671160577682113E-15,-2.312267593012571
-0.8179949043711596,0.31396933865859755,0.06300000000029851,3.141592653589793,-0,1.5707963267949092
0.34932868676615736,-0.8164168510066233,0.063,3.141592653589793,-6.579099405186088E-17,0.5154380358038944
-0.7538955252531254,0.39606871777663216,0.06300000000029851,3.141592653589793,-0,-1.5707963267948881
0.2769329888839176,-0.8965595057818001,0.06299999999999287,-3.1415926535897176,2.863224061137079E-13,0.10581896006344618
-0.8179949043711596,0.43196933865859755,0.06300000000029851,3.141592653589793,-0,1.5707963267949092
0.1793112727963229,-0.9427545729501465,0.063,3.141592653589793,-0,-0.2682834862951804
-0.7819949043711603,0.5140687177766323,0.06300000000029851,3.141592653589793,-0,3.141592653589787
0.525499978550448,-0.08500827792709165,0.044999999999984344,3.141592653587866,-5.164593033071075E-13,-1.3447465660132203
-0.6998955252531256,0.47806871777663207,0.06300000000029851,3.141592653589793,-0,1.5707963267948977
0.49508598100092904,-0.18863737802867675,0.0449999999999997,3.141592653589509,-7.618597111205494E-14,-1.3201859764715005
-0.6638955252531256,0.39606871777663216,0.06300000000029851,3.141592653589793,-0,3.141592653589793
0.46739900963703157,-0.2930281510708095,0.044999999999999894,3.141592653589773,-8.815993202949722E-15,1.8496429373380696
-0.5818955252531256,0.3600687177766321,0.06300000000134495,3.141592653589793,-0,1.5707963267948977
0.439015171733104,-0.4154687752707507,0.044999999999999915,3.141592653589792,3.947459643111655E-16,1.889799249169204
-0.6178955252531256,0.27806871777663206,0.06300000000029851,3.141592653589793,-0,3.141592653589793
0.4222094674843037,-0.5042134169535012,0.045000000000000005,3.141592653589793,-0,-1.2216095480079165
-0.7358955252531256,0.27806871777663206,0.06300000000029851,3.141592653589793,-0,3.141592653589793
0.4168257842157342,-0.6097837627586441,0.04499999999999998,3.141592653589789,1.1184468988816355E-15,-1.1952044219604883
-0.7819949043711589,0.27796933865859735,0.045000000000298516,3.141592653589793,-0,3.141592653589793
0.38711906221267295,-0.7173418793391545,0.044999999999999964,3.1415926535897887,-1.1184468988816339E-15,-1.2688107545590757
-0.8179949043711598,0.36006871777663224,0.045000000000298516,3.141592653589793,-0,1.5707963267949092
0.3483131333935511,-0.8181291752699155,0.045000000000000005,-3.141592653589793,6.579099405186085E-17,-1.5859780768992253
-0.7538955252531254,0.39606871777663216,0.04500000000029851,3.141592653589793,-0,-1.5707963267948881
0.27531809704040233,-0.8977262706729353,0.04499999999999987,3.1415926535897865,-1.7763568394002444E-15,-1.9959632020626303
-0.8179949043711598,0.4780687177766322,0.045000000000298516,3.141592653589793,-0,1.5707963267949092
0.17731282020852976,-0.9431018192332972,0.04500000000000179,3.141592653589521,-7.309379439161762E-14,-2.3792242865720508
-0.7358955252531255,0.5140687177766323,0.045000000000298516,3.141592653589793,-0,3.141592653589787
0.06934582979691181,-0.9457667322520278,0.045000000000000005,3.141592653589793,-0,-2.788939578499279
-0.6998955252531256,0.4320687177766321,0.045000000000298516,3.141592653589793,-0,1.5707963267948977
0.5409526600431338,-0.01862524963834767,0.027000000000000003,3.141592653589793,-0,0.6492363197559804
-0.6178955252531256,0.39606871777663216,0.04500000000029851,3.141592653589793,-0,3.141592653589793
0.5184812965781973,-0.10843403793158445,0.027000000000000003,3.141592653589793,-0,0.7563212798466243
-0.5818955252531256,0.3140687177766321,0.04500000000134496,3.141592653589793,-0,1.5707963267948977
0.488721108691438,-0.21225278515586518,0.027000000000000003,3.141592653589793,-0,0.780443770749537
-0.6632203566728777,0.2780687177766321,0.045000000000298516,3.141592653589793,-0,3.141592653589793
0.46171287541124445,-0.3168212153869724,0.027000000000000003,3.141592653589793,-0,0.8092978126038024
-0.8179949043711596,0.31396933865859755,0.02700000000029852,3.141592653589793,-0,1.5707963267949092
0.43801257844082647,-0.4221886554342213,0.027000000000000003,3.141592653589793,-0,0.8434559757328697
-0.7538955252531254,0.39606871777663216,0.027000000000298514,3.141592653589793,-0,-1.5707963267948881
0.41812544878614505,-0.5283418640009568,0.027000000000000003,3.141592653589793,-0,0.8802818046490888
-0.8179949043711596,0.43196933865859755,0.02700000000029852,3.141592653589793,-0,1.5707963267949092
0.4374382334810597,-0.5999552788186162,0.027000000000000003,3.141592653589793,-0,0.8802818046490886
-0.7819949043711603,0.5140687177766323,0.02700000000029852,3.141592653589793,-0,3.141592653589787
0.361214450705249,-0.6886247169226317,0.027000000000000003,3.141592653589793,-0,-2.306869109974068
-0.6998955252531256,0.47806871777663207,0.02700000000029852,3.141592653589793,-0,1.5707963267948977
0.38108920141176916,-0.7411069236093992,0.027000000000000003,3.141592653589793,-0,0.7685610436596862
-0.6638955252531256,0.39606871777663216,0.027000000000298514,3.141592653589793,-0,3.141592653589793
0.3347650615995932,-0.8386674634593936,0.027000000000000003,3.141592653589793,-0,-2.722659668461798
-0.5818955252531256,0.3600687177766321,0.027000000001344955,3.141592653589793,-0,1.5707963267948977
0.254703384945032,-0.9111527039011921,0.027000000000000003,3.141592653589793,-0,0.009820193532070112
-0.6178955252531256,0.27806871777663206,0.02700000000186638,3.141592653589793,-0,0
0.15293314921228204,-0.9473024126942212,0.027000000000000003,3.141592653589793,-0,-0.4001136772532595
-0.7358955252531256,0.27806871777663206,0.02700000000186638,3.141592653589793,-0,0
0.05833864754097895,-0.9463181549216488,0.027000000000000003,3.141592653589793,-0,2.435416783872707
-0.2531579333129115,0.5467967947879206,0.33299999999939467,3.141592653589793,-0,-0.82697139126034
0.19440657356757465,-0.26067315152096854,0.15300000000000005,-3.1415926535897887,1.3158198810372197E-15,-1.9936856254466422
-0.3330566262092068,0.6336311133115522,0.33299999999939467,3.141592653589793,-0,-0.8269713912602864
0.23377722113902222,-0.23447503197549477,0.135,-3.1415926535897927,-6.579099405186084E-16,0.01686215096969576
-0.41777499115161854,0.6046001188145586,0.333,3.141592653589793,-0,0.7438249355345911
0.1464220040119365,-0.2979815095323926,0.13500000000000004,-3.1415926535897927,1.1842378929334967E-15,0.1700473289384021
-0.4428177558833457,0.4861353476565689,0.333,3.141592653589793,-0,-1.4923691670050496
0.7385661962510318,-0.3671735816656954,0.11699999999999972,3.1415926535895844,-5.776449277753633E-14,-1.5091290706996947
-0.3582493259489705,0.4566704421173625,0.33300000000033675,3.141592653589793,-0,-3.063165493799857
0.681101891218203,-0.4586166743448342,0.11699999999999999,-3.1415926535897922,3.947459643111643E-16,-1.7279446944974641
-0.24061203832109201,0.4659153628609883,0.33300000000033675,3.141592653589793,-0,-3.0631654937998714
0.2657826431214142,-0.22913487226073742,0.117,-3.1415926535897927,1.31581988103722E-16,-2.13235049767821
-0.30045821611064016,0.5981573557089926,0.31499999999905787,3.141592653589793,-0,2.29516499947901
0.19825170175367607,-0.2579218298438646,0.117,-3.1415926535897927,1.3158198810372195E-16,-2.000183931902408
-0.3817576080466942,0.6357127663821308,0.31499999999966327,3.141592653589793,-0,0.724368672684094
0.11425657031004492,-0.32581016062860624,0.11699999999999999,3.141592653589791,6.579099405186091E-16,1.2554255919955721
-0.44626168330880855,0.533195176654361,0.31499999999966327,3.141592653589793,-0,1.6297672237343024
0.7923645869636781,-0.21873850413322954,0.09899999999999999,-3.141592653589793,-3.947459643111641E-16,-2.3372165195680843
-0.40549145002949694,0.4534594376263052,0.315,3.141592653589793,-0,0.058970896939423534
0.7591736720880277,-0.32151183197662525,0.09899999999999999,-3.1415926535897927,-5.263279524148866E-16,0.6614577811815231
-0.28769656701129215,0.46041397102025244,0.315,3.141592653589793,-0,-3.0826217566503686
0.7102096008783967,-0.41777455555038184,0.09899999999999999,3.141592653589793,-0,0.48321946171262903
-0.22226401014633052,0.5097850401706342,0.31499999999905787,3.141592653589793,-0,2.2951649994790193
0.6399028934151093,-0.49975596561421876,0.09900000000000003,3.141592653589793,-0,-3.0190944112788642
-0.2523519497393286,0.5414118664847796,0.29699999999939475,3.141592653589793,-0,2.273785282732659
0.256329047575925,-0.22212216733318085,0.09899999999999999,-3.141592653589793,-3.94745964311165E-16,3.07281174734985
-0.32863905425883283,0.63143562825927,0.29699999999939475,3.141592653589793,-0,-0.8678073708571566
0.16634652098415081,-0.2818478236089114,0.09899999999999999,3.141592653589793,-0,-2.998072446996519
-0.4144719714470577,0.6058874321006474,0.29700000000000004,3.141592653589793,-0,0.7029889559377377
0.0850277327057284,-0.3529200325005438,0.09899999999999999,3.141592653589793,-0,0.23963578156309814
-0.4443301392793204,0.48854378342453025,0.29700000000000004,3.141592653589793,-0,-1.5332051466018743
0.8062271001364705,-0.15090186567805705,0.08100000000000002,-3.1415926535897927,-0,-1.206597243336409
-0.3610351056374539,0.4556509670264149,0.2970000000003368,3.141592653589793,-0,-3.1040014733966776
0.7821757027511009,-0.25618966882256955,0.08100000000000002,3.141592653589793,-0,1.8027147932949215
-0.2431184685329768,0.46008568167011676,0.2970000000003368,3.141592653589793,-0,-3.1040014733967265
0.7435751567753371,-0.35705585598962314,0.081,3.141592653589793,-1.3158198810372158E-16,-1.4915503831714647
-0.29725177029869865,0.594331959635863,0.2789999999990579,3.141592653589793,-0,2.2505607764533506
0.6881203328502836,-0.44973135905059564,0.08099999999999993,-3.1415926535897882,1.3158198810372164E-15,-1.6977678363493138
-0.3767957270665845,0.635475111456171,0.2789999999996633,3.141592653589793,-0,-2.461828203931267
0.6046209398283912,-0.5114757127357605,0.081,3.141592653589793,-0,0.7655605647307152
-0.44580684767580314,0.5359356862957272,0.2789999999996633,3.141592653589793,-0,1.585163000708734
0.3254751417455167,-0.23646735633752788,0.081,-3.1415926535897922,2.63163976207444E-16,2.9911925563855744
-0.4086325361000699,0.4544613310735465,0.279,3.141592653589793,-0,-3.1272259796759245
0.2199233880175894,-0.24315156674787164,0.081,-3.1415926535897922,-2.6316397620744356E-16,1.1003574704384482
-0.2906447135684551,0.456156540278408,0.279,3.141592653589793,-0,0.014366673913867695
0.1339500810270539,-0.30851668929620707,0.081,3.141592653589792,-5.263279524148882E-16,-1.90896674421978
-0.22307580810999697,0.5025609041042827,0.2789999999990579,3.141592653589793,-0,2.250560776453467
0.055160234281369694,-0.38238255197713494,0.08100000000000002,3.141592653589791,-6.579099405186093E-16,-1.8244147273023605
-0.25168340407502726,0.5350069937025232,0.26099999999939466,3.141592653589793,-0,2.2254874339139548
0.8150290626053271,-0.07371939927315914,0.06299999999999925,-3.141592653589572,8.230453355887871E-13,0.9805073397007211
-0.32353528526972214,0.6286088482182512,0.26099999999939466,3.141592653589793,-0,-0.9161052196758409
0.8009182800188673,-0.18079357999504442,0.063,3.141592653589793,-1.315819881037214E-16,0.8518861148780299
-0.4105015547044577,0.6072343779182634,0.261,3.141592653589793,-0,-2.486901546470805
0.7729207012865322,-0.285101439764617,0.06299999999999997,-3.141592653589793,5.9211894646674815E-16,-2.4261927159527974
-0.4459901471663862,0.4914690900466624,0.261,3.141592653589793,-0,-1.5815029954205457
0.7298861885680908,-0.384157098997865,0.063,-3.141592653589793,-4.605369583630252E-16,0.5532077581094146
-0.3643802797709211,0.45459322336268526,0.2610000000003368,3.141592653589793,-0,-0.010706668625629677
0.6686806898336277,-0.4731395480238,0.063,3.1415926535897927,-1.1842378929334963E-15,-2.8356911878533873
-0.24638704303874326,0.4533298606023091,0.2610000000003368,3.141592653589793,-0,-0.010706668625631277
0.562931688196486,-0.5065799990496271,0.063,3.141592653589793,-0,-1.0165803977765357
-0.2937297561992842,0.5896919777955113,0.24299999999905791,3.141592653589793,-0,2.198504077103718
0.35784008791280997,-0.24706969651935398,0.06299999999999999,-3.141592653589793,5.263279524148878E-16,-1.0668924325854172
-0.3710251497395852,0.6349183211967879,0.24299999999966326,3.141592653589793,-0,0.6277077503088017
0.25728558573846255,-0.22320811117576278,0.06299999999999999,3.141592653589793,5.263279524148872E-16,2.7489913934076715
-0.4451221387810648,0.5391046053519334,0.24299999999966326,3.141592653589793,-0,1.533106301359006
0.1776381046250859,-0.2731015259526717,0.06299999999999863,3.1415926535897793,-4.829058963406629E-14,0.1271759089606339
-0.41223755586144945,0.45580632081856043,0.24300000000000005,3.141592653589793,-0,-0.03769002543590896
0.09539841967994123,-0.34310608766581524,0.06299999999999999,3.141592653589793,-1.315819881037219E-16,0.22875303388349286
-0.29432135768346257,0.45135995069791796,0.24300000000000005,3.141592653589793,-0,3.1039026281538833
0.02957807325674068,-0.41676961636413673,0.063,3.141592653589793,-0,0.30572768564124925
-0.22442941690660162,0.4941856273578618,0.24299999999905791,3.141592653589793,-0,-0.943088576486072
0.8158757390377261,-0.059162137628497605,0.044999999999999964,-3.1415926535897913,4.605369583630258E-16,-1.0958549279639598
-0.2512964499058841,0.5275524450081648,0.22499999999939468,3.141592653589793,-0,2.1695007995547027
0.8036693222492234,-0.16647008147921996,0.04500000000000001,3.141592653589793,-0,1.9168089660996284
-0.3177980350050188,0.625028283959684,0.22499999999939468,3.141592653589793,-0,-0.9720918540350914
0.7775907521784103,-0.2712741807404847,0.04500000000000001,-3.141592653589793,6.579099405186085E-17,-1.359612384966362
-0.40582410159479515,0.6085537095878695,0.225,3.141592653589793,-0,-2.542888180829948
0.7366867647411207,-0.37122843703587594,0.04499999999999999,3.1415926535897927,6.579099405186083E-17,1.6244044404145435
-0.4477350124566531,0.49495565669235175,0.225,3.141592653589793,-0,-1.6374896297797612
0.6783259634423054,-0.462101986927495,0.04499999999999999,-3.1415926535897927,-0,-1.7415081661386302
-0.36831649212595413,0.45357089345173246,0.22500000000033676,3.141592653589793,-0,3.0748993506049063
0.5868492230733509,-0.5195123607853921,0.045000000000000005,3.141592653589793,-0,-2.702312037149234
-0.25057882666884557,0.4457069165500601,0.22500000000033676,3.141592653589793,-0,-0.06669330298488502
0.5442675517051944,-0.4597718531773339,0.045000000000000005,3.141592653589793,-0,1.1023751258906618
-0.28996522987122747,0.5841077050267655,0.2069999999990579,3.141592653589793,-0,2.138318594788568
0.35460340006534113,-0.2428166814355539,0.04499999999999999,-3.14159265358979,8.552829226741889E-16,2.416952605549003
-0.3644003461169276,0.6339014141624514,0.20699999999966323,3.141592653589793,-0,0.5675222679935445
0.26477790332941614,-0.22381502853213794,0.04499999999999999,-3.1415926535897927,1.3158198810372203E-16,-2.2329955249957343
-0.4441262891363099,0.5427180497877919,0.20699999999966323,3.141592653589793,-0,-1.6686718345459495
0.1776380547688015,-0.27310143184774704,0.045000000000000026,-3.1415926535897927,-6.579099405186084E-17,1.1743734597612245
-0.4163115683698689,0.45759260524454876,0.20700000000000002,3.141592653589793,-0,-0.0978755077510191
0.09539836303387324,-0.34310600203351893,0.04500000000000002,-3.1415926535897927,6.579099405186087E-17,-1.865642233837166
-0.29887631460225367,0.44606172615681916,0.20700000000000002,3.141592653589793,-0,3.0437171458387757
0.02214243671022676,-0.408048349785558,0.045000000000000005,3.141592653589793,-0,-1.7886674167519185
-0.22653499191798623,0.48460592155935583,0.2069999999990579,3.141592653589793,-0,-1.0032740588012252
0.8088202519460184,-0.04545826229588694,0.027000000000000003,3.141592653589793,-0,-2.228233862752208
-0.2513699263701715,0.5189190524316725,0.18899999999939468,3.141592653589793,-0,2.104742553891078
0.8093560418329564,-0.13050627233466086,0.027000000000000003,3.141592653589793,-0,-2.2282338627522082
-0.31142416536287265,0.6204940906005431,0.18899999999939468,3.141592653589793,-0,-1.0368500996987178
0.7880141680232805,-0.23637656401445042,0.027000000000000003,3.141592653589793,-0,0.7818216515104046
-0.4003318410712177,0.6097504785384933,0.189,3.141592653589793,-0,-2.6076464264935595
0.7522832485383593,-0.33829464349524596,0.027000000000000003,3.141592653589793,-0,0.6339808263386166
-0.44950617322186875,0.49910271702267667,0.189,3.141592653589793,-0,-1.702247875443422
0.700310129579395,-0.4329666386549561,0.027000000000000003,3.141592653589793,-0,-2.696555220919641
-0.3729322525626942,0.45266528950044854,0.18900000000033676,3.141592653589793,-0,3.010141104941246
0.636816675966109,-0.5106343173024672,0.027000000000000003,3.141592653589793,-0,-0.019958555519998193
-0.25595027645139523,0.437198639407568,0.18900000000033676,3.141592653589793,-0,-0.13145154864855146
0.5475048414098124,-0.48827103533471417,0.027000000000000003,3.141592653589793,-0,1.5228236949637748
-0.2860277655055053,0.5773588435880117,0.1709999999990579,3.141592653589793,-0,-1.0731043309121466
0.358853999213344,-0.25145979617163655,0.027000000000000003,3.141592653589793,-0,-1.2875794300138357
-0.35680718967624525,0.6322247994628408,0.17099999999966328,3.141592653589793,-0,0.49769199588282603
0.26314572965876726,-0.22320809812140607,0.027000000000000003,3.141592653589793,-0,-0.13859600192927748
-0.4427010147666051,0.546826422778278,0.17099999999966328,3.141592653589793,-0,1.4030905469329362
0.17763809437142902,-0.27310151341397326,0.027000000000000003,3.141592653589793,-0,0.1271752402152557
-0.4208935855564522,0.45996770973667306,0.171,3.141592653589793,-0,-0.16770577986194574
0.09539842231278642,-0.3431060902660075,0.027000000000000003,3.141592653589793,-0,0.2287528555768633
-0.30454908846476664,0.44027106036469205,0.171,3.141592653589793,-0,-0.16770577986194107
0.019508132733479698,-0.41994792340884024,0.027000000000000003,3.141592653589793,-0,0.30572768564125324
-0.2296947071863281,0.47367380831093686,0.1709999999990579,3.141592653589793,-0,2.0684883226776445
0.828330237632431,-0.6324195686206882,0.135,-3.1415926535897927,-6.579099405186093E-16,0.3473339746173957
-0.3043764573534433,0.6146953703478473,0.15299999999939468,3.141592653589793,-0,-1.112413232823158
0.7460620805107525,-0.7023905349793009,0.13500000000000004,3.1415926535897927,1.1842378929334955E-15,0.023425161882157288
-0.393841480516714,0.6106941667294927,0.15300000000000002,3.141592653589793,-0,0.45838309397160826
0.6459244421619497,-0.7428434519689694,0.135,3.141592653589793,-0,-0.32015722310727557
-0.45122842928926615,0.5040743740946351,0.15300000000000002,3.141592653589793,-0,-1.7778110085678909
0.8593879061888322,-0.5881121716116885,0.11700000000000002,3.1415926535897922,3.9474596431116556E-16,1.5705491423712319
-0.37837863426098395,0.4519887967786735,0.15300000000033676,3.141592653589793,-0,-0.20701468177294785
0.7893129761910802,-0.6702917362144919,0.11700000000000002,-3.1415926535897922,2.6316397620744376E-16,-1.9223414321216032
-0.2628980670375576,0.4277351662513543,0.15300000000033676,3.141592653589793,-0,2.934577971816895
0.6967975759857256,-0.7260131882328014,0.11699999999998709,3.14159265358927,-1.4408227697357689E-13,0.9096344332657373
-0.2521616113922473,0.5088766108519592,0.15299999999939468,3.141592653589793,-0,2.029179420766687
0.5907715052151622,-0.746566632744703,0.117,-3.141592653589782,-2.89480373828188E-15,0.47652146309008714
-0.28201080291875824,0.5690883283162752,0.13499999999905793,3.141592653589793,-0,1.9863101176626128
0.17966456018336927,-0.6317890344928935,0.11699999999999999,-3.1415926535897922,3.947459643111653E-16,-2.764678117656615
-0.3480476530732167,0.6295791079581164,0.13499999999966328,3.141592653589793,-0,0.41551379086758716
0.8874763963254141,-0.5270625981332953,0.09899999999999998,3.141592653589793,-2.631639762074441E-16,0.7104272585304755
-0.44066159883717304,0.5515195859313785,0.13499999999966328,3.141592653589793,-0,1.3209123419178612
0.8360793662902565,-0.6220485475302069,0.09899999999999999,3.141592653589793,-2.631639762074433E-16,0.37026197905118946
-0.4260576256225813,0.4631639185050765,0.135,3.141592653589793,-0,2.891708668712815
0.7555602989082525,-0.6940253896841122,0.09899999999999998,3.141592653589793,-0,0.05136578069727769
-0.3117225737232672,0.433983515711744,0.135,3.141592653589793,-0,2.891708668712779
0.6569342602781674,-0.7380355069539313,0.09899999999999569,-3.14159265358971,3.1540202548459365E-13,-0.27286211348029527
-0.23437891636314748,0.4611290610755536,0.13499999999905793,3.141592653589793,-0,-1.1552825359271814
0.5489400791791227,-0.7391467587731121,0.09899999999999999,3.141592653589793,-0,-0.7857444339606106
-0.2965831437607534,0.6071193951934448,0.11699999999939464,3.141592653589793,-0,-1.202409610227527
0.23174220382265195,-0.6080382649031949,0.09899999999999999,3.141592653589793,-0,-0.24226940885954382
-0.3860457151580345,0.6111750479135944,0.11699999999999999,3.141592653589793,-0,-2.773205937022318
0.12821530002066456,-0.6474809688713944,0.09899999999999999,3.141592653589793,-0,-0.12594754508301403
-0.45278286991230177,0.5101443879819253,0.11699999999999999,3.141592653589793,-0,1.273785267617621
0.9457301816889323,-0.1990795913901176,0.08100000000000004,3.141592653589789,-1.052655904829775E-15,-1.1434669371275226
-0.384909081937509,0.45172222689597563,0.11700000000033675,3.141592653589793,-0,2.8445815944124946
0.9064165336842931,-0.46281742579112434,0.08100000000000397,3.1415926535888503,-2.589533525881305E-13,1.8672925316988371
-0.2720756514216452,0.41718794019389027,0.11700000000033675,3.141592653589793,-0,2.8445815944124773
0.8722859283221834,-0.5652824770875667,0.08099999999999997,-3.1415926535897927,-1.315819881037218E-16,1.6381358932025252
-0.2540900630156783,0.4970360718025128,0.11699999999939464,3.141592653589793,-0,1.9391830433622717
0.8078108424998598,-0.6519250741669305,0.08100000000009742,3.141592653588402,-3.730349362740503E-13,-1.860086646784564
-0.27807569483030437,0.5586747323531344,0.0989999999990579,3.141592653589793,-0,-1.2547942013851565
0.719101893985861,-0.7135262314278104,0.08099999999999957,-3.1415926535897496,1.1710796941231262E-14,-2.159672858587931
-0.3377762390697711,0.6254268485556317,0.09899999999966325,3.141592653589793,-0,-2.8255905281801303
0.615534297218532,-0.7441485838295018,0.08099999999999996,3.1415926535897927,-1.3158198810372185E-16,-2.532240247166588
-0.4376870241389048,0.5569544675843147,0.09899999999966325,3.141592653589793,-0,1.2214006764599474
0.5093994170569364,-0.7241647575623471,0.08100000000000002,3.1415926535897922,-3.947459643111657E-16,-3.0423460005414706
-0.43193321525970757,0.4675850450541149,0.09899999999999999,3.141592653589793,-0,2.792197003254844
0.2671558250278548,-0.6065135829603817,0.08100000000000003,-3.1415926535897922,-2.6316397620744327E-16,1.154391685451688
-0.3210628022271555,0.42719010089037873,0.09899999999999999,3.141592653589793,-0,2.792197003254861
0.19429787591451503,-0.6219145297973646,0.081,3.1415926535897927,-0,-2.1217641445769244
-0.24140493717034553,0.44651745201590143,0.0989999999990579,3.141592653589793,-0,1.8867984522046364
0.10287896673109101,-0.6524857712308985,0.08099999999999989,-3.14159265358976,8.947575191053055E-15,-2.2531204378961314
-0.28791923122480273,0.5968075025978706,0.08099999999939465,3.141592653589793,-0,-1.3139515733617715
0.9515936907229907,-0.09520849350217991,0.063,-3.1415926535897833,3.763244859766443E-14,0.9634781434597821
-0.3763744121987915,0.6107961036308189,0.081,3.141592653589793,-0,-2.884747900156757
0.9443510998252158,-0.19896693513881755,0.06299999999999999,3.141592653589793,-1.315819881037216E-16,0.9514680325115678
-0.45394264333453616,0.5178218513380731,0.081,3.141592653589793,-0,-1.9793493491064764
0.9326727674658608,-0.30633366796916606,0.063,-3.141592653589793,-4.605369583630264E-16,0.9232848023646618
-0.3929936656273274,0.4522076599123913,0.08100000000033675,3.141592653589793,-0,-0.4085530223115598
0.9169391380633671,-0.4131814601179775,0.063,-3.141592653589793,-1.3158198810372149E-16,0.8725701698883197
-0.2847054619526067,0.40532840069360493,0.08100000000033675,3.141592653589793,-0,2.7330396312782343
0.8919694503036438,-0.5182552835859524,0.06299999999999996,3.1415926535897905,-1.032918606614216E-14,0.7268302632339303
-0.25794368195014883,0.4826783369753941,0.08099999999939465,3.141592653589793,-0,-1.3139515733617702
0.8418793566678129,-0.6139368786396672,0.06300000000000008,-3.141592653589789,1.3816108750890832E-14,0.38301326966989396
-0.2745767596687961,0.5448419897075503,0.0629999999990579,3.141592653589793,-0,1.7592192451705577
0.7624551946151606,-0.6871201331736171,0.06300000000000021,3.141592653589788,-2.2829474935998007E-14,0.06984510512590549
-0.32529900733052347,0.6186475016436016,0.06299999999966324,3.141592653589793,-0,-2.9531697352141637
0.6649488857212937,-0.7335583316187265,0.06299999999999946,3.141592653589788,-2.0197835173921284E-14,2.9021517706256565
-0.433109771783259,0.563443597822146,0.06299999999966324,3.141592653589793,-0,1.0938214694258488
0.5589730990721279,-0.7384360183878699,0.06299999999999939,-3.141592653589788,2.065837213228434E-14,-0.7352666238820326
-0.43877350062914594,0.47406842131569066,0.063,3.141592653589793,-0,2.6646177962208037
0.4845592710000083,-0.7232478605425895,0.06299999999999997,3.141592653589792,-7.894919286223825E-15,-1.0479883874286304
-0.3339437390656603,0.41989535521691074,0.063,3.141592653589793,-0,-0.47697485736899026
0.2690787684616828,-0.6031415067099937,0.06299999999999992,3.141592653589792,-8.684411214845398E-15,-0.7279369062957064
-0.25247418439815744,0.42893048826612395,0.0629999999990579,3.141592653589793,-0,1.7592192451705597
0.1862928168187703,-0.6250738033611339,0.06299999999999999,3.141592653589793,-0,-0.3347969362718243
-0.27813627361734095,0.5814643324814037,0.04499999999939466,3.141592653589793,-0,-1.4647163163063885
0.08464160989258473,-0.6615580901847528,0.06299999999999996,-3.141592653589697,3.5250814612988134E-13,-1.1231071883152601
-0.3634870565077497,0.6085797129875749,0.045000000000000005,3.141592653589793,-0,-3.0355126431012
0.9503570713962286,-0.06251847013582196,0.04500000000000001,-3.1415926535897927,1.3158198810372185E-16,-1.1353238960613412
-0.4541395905334954,0.5283104153350189,0.045000000000000005,3.141592653589793,-0,-2.1301140920511528
0.947082373491598,-0.15554139057783295,0.04500000000000001,-3.1415926535897927,1.3158198810372188E-16,-1.1353238960613412
-0.4037368610283594,0.45428633237256766,0.04500000000033676,3.141592653589793,-0,-0.5593177652561782
0.9368316094835517,-0.26305381203730555,0.045000000000000005,3.141592653589793,-0,-1.1513985086224743
-0.30371801874454324,0.3916745827707145,0.04500000000033676,3.141592653589793,-0,2.582274888333612
0.9239480433043584,-0.3702825924650323,0.045000000000000005,3.141592653589793,6.579099405186105E-17,-1.1870670572842335
-0.2656422955698637,0.4641276352697081,0.04499999999939466,3.141592653589793,-0,-1.4647163163064356
0.9046246902726667,-0.47653983463997807,0.04500000000000001,3.141592653589793,-0,-1.2854840434666623
-0.2726901871752161,0.5237408288282654,0.026999999999057903,3.141592653589793,-0,1.5696378381224734
0.8664698223128802,-0.5775754093093721,0.04500000000000001,-3.141592653589793,6.579099405186078E-17,-1.5707198137708458
-0.30859516696760186,0.6057824793852147,0.026999999999663245,3.141592653589793,-0,3.140434164917349
0.7966976770743655,-0.660012203605192,0.045000000000000005,3.141592653589793,-0,-1.911760013168552
-0.4248773631978974,0.5718843560024848,0.026999999999663245,3.141592653589793,-0,0.9042400623777834
0.7052999123886271,-0.717548534682191,0.0449999999999999,-3.1415926535897887,-1.2500288869853563E-15,-2.201588980071991
-0.4472821732008806,0.4851778136384278,0.027000000000000003,3.141592653589793,-0,-0.6665562644170462
0.6003562729694367,-0.7430594468196853,0.045000000000000005,3.141592653589793,-0,-2.5980821378741568
-0.3545394212031295,0.4122204154400023,0.027000000000000003,3.141592653589793,-0,2.4750363891726805
0.4955981180853587,-0.716797361928235,0.045000000000000005,3.141592653589793,-0,-3.0744164441796906
-0.2728268888079842,0.40574090801192014,0.026999999999057903,3.141592653589793,-0,-1.5719548154673184
0.2686440161957098,-0.605037620317066,0.04499999999999991,-3.1415926535897896,9.210739167260536E-16,-2.4353925026169847
-0.39957578946221184,0.2069510784327045,0.09900000000169394,3.141592653589793,-0,-1.5707963267948957
0.164925816891075,-0.630034799700244,0.04500000000000001,3.141592653589793,-0,-2.3725275492209703
-0.43557578946221204,0.1709510784327037,0.08100000000169394,3.141592653589793,-0,-3.141592653589779
0.08118510744905164,-0.6606339552972733,0.045000000000000005,3.1415926535897842,-2.500057773970717E-15,1.1561414933343988
-0.39957578946221184,0.2529510784327046,0.08100000000169394,3.141592653589793,-0,-1.5707963267948957
0.9444653452642124,0.0023706078562413494,0.027000000000000003,3.141592653589793,-0,0.9650368746892657
-0.09157578946221198,0.44295107843270454,0.0810000000019088,3.141592653589793,-0,1.5707963267948974
0.9528592721901032,-0.07299150860738837,0.027000000000000003,3.141592653589793,-0,0.9650368746892719
-0.4816751685802467,0.17095107843270335,0.06300000000169395,3.141592653589793,-0,-1.4210854715202004E-14
0.9437879811400407,-0.18060986885460925,0.027000000000000003,3.141592653589793,-0,0.9601012494800424
-0.39957578946221184,0.2069510784327045,0.06300000000169395,3.141592653589793,-0,-1.5707963267948957
0.9337029430851365,-0.2881379643811888,0.027000000000000003,3.141592653589793,-0,0.9445841261785078
-0.36357578946221203,0.28895107843270457,0.06300000000169395,3.141592653589793,-0,3.141592653589793
0.9206708103154956,-0.39534879204847834,0.027000000000000003,3.141592653589793,-0,-2.2415256696154695
-0.09157578946221236,0.3969510784327044,0.06300000000106461,3.141592653589793,-0,1.570796326794903
0.8989067965699542,-0.5011330957090327,0.027000000000000003,3.141592653589793,-0,-2.3790743732304116
-0.09157578946221236,0.5149510784327046,0.06300000000106461,3.141592653589793,-0,1.570796326794903
0.852817622990201,-0.5988048730219557,0.027000000000000003,3.141592653589793,-0,0.42423498921027597
-0.517675168580247,0.13495107843270268,0.04500000000169395,3.141592653589793,-0,1.570796326794895
0.7763404929405661,-0.6750625597227072,0.027000000000000003,3.141592653589793,-0,0.10998381933308413
-0.43557578946221204,0.1709510784327037,0.04500000000169395,3.141592653589793,-0,-3.141592653589779
0.6811132555745973,-0.7260111667125894,0.027000000000000003,3.141592653589793,-0,2.9599759871534883
-0.39957578946221184,0.2529510784327046,0.04500000000169395,3.141592653589793,-0,-1.5707963267948957
0.5741536316764682,-0.7409650763234382,0.027000000000000003,3.141592653589793,-0,-0.6378575763157368
-0.3225757894622119,0.28895107843270457,0.04500000000169395,3.141592653589793,-0,3.141592653589793
0.491119323790782,-0.7294570491047471,0.027000000000000003,3.141592653589793,-0,-1.0239825818372263
-0.1995757894622119,0.28895107843270457,0.04500000000169395,3.141592653589793,-0,3.141592653589793
0.2857062044807464,-0.5815599534188953,0.027000000000000003,3.141592653589793,-0,-0.5348760284402708
-0.127575789462212,0.36095107843270446,0.04500000000106461,3.141592653589793,-0,3.141592653589793
0.22967739778065363,-0.6137702335712232,0.027000000000000003,3.141592653589793,-0,-0.4460671132535588
-0.09157578946221198,0.44295107843270454,0.045000000001908805,3.141592653589793,-0,1.5707963267948974
0.13962974538300682,-0.6372932043822006,0.027000000000000003,3.141592653589793,-0,2.918512987764399
-0.09157578946221198,0.5609510784327045,0.045000000001908805,3.141592653589793,-0,1.5707963267948974
0.0630198257823917,-0.6829330587521175,0.027000000000000003,3.141592653589793,-0,-0.06062373122864662
-0.5176751685802463,0.08895107843270263,0.027000000001693947,3.141592653589793,-0,1.5707963267948981
-0.4816751685802467,0.17095107843270335,0.027000000001693947,3.141592653589793,-0,-1.4210854715202004E-14
-0.39957578946221184,0.2069510784327045,0.027000000001693947,3.141592653589793,-0,-1.5707963267948957
-0.36357578946221203,0.28895107843270457,0.027000000001693947,3.141592653589793,-0,3.141592653589793
-0.245575789462212,0.28895107843270457,0.027000000001693947,3.141592653589793,-0,3.141592653589793
-0.16357578946221193,0.32495107843270443,0.027000000001064603,3.141592653589793,-0,1.570796326794898
-0.09157578946221236,0.3969510784327044,0.027000000001064603,3.141592653589793,-0,1.570796326794903
-0.09157578946221236,0.5149510784327046,0.027000000001064603,3.141592653589793,-0,1.570796326794903
-0.05557578946221193,0.5969510784327046,0.027000000000298514,3.141592653589793,-0,3.141592653589793
-0.3904260570739709,0.7389996335666973,0.1170000000002985,3.141592653589793,-0,0
-0.4624260570739709,0.7389996335666973,0.09900000000029852,3.141592653589793,-0,0
-0.3544260570739716,0.7749996335666969,0.09900000000029852,3.141592653589793,-0,1.5707963267948846
-0.5084260570739709,0.7389996335666973,0.08100000000029851,3.141592653589793,-0,0
-0.3904260570739709,0.7389996335666973,0.08100000000029851,3.141592653589793,-0,0
-0.31842605707397215,0.8109996335666968,0.08100000000029851,3.141592653589793,-0,0
-0.5443266779559355,0.7749002544486625,0.06300000000029851,3.141592653589793,-0,1.570796326794884
-0.4624260570739709,0.7389996335666973,0.06300000000029851,3.141592653589793,-0,0
-0.3544260570739716,0.7749996335666969,0.06300000000029851,3.141592653589793,-0,1.5707963267948846
-0.2724260570739721,0.8109996335666968,0.06300000000029851,3.141592653589793,-0,0
-0.544326677955935,0.8209996335666971,0.045000000000298516,3.141592653589793,-0,1.570796326794884
-0.5084260570739709,0.7389996335666973,0.04500000000029851,3.141592653589793,-0,0
-0.3904260570739709,0.7389996335666972,0.04500000000029851,3.141592653589793,-0,0
-0.31842605707397215,0.8109996335666968,0.04500000000029851,3.141592653589793,-0,0
-0.2004260570739722,0.8109996335666968,0.04500000000029851,3.141592653589793,-0,0
-0.5804260570739707,0.8569996335666974,0.027000000000298514,3.141592653589793,-0,0
-0.5443266779559355,0.7749002544486625,0.02700000000029852,3.141592653589793,-0,1.570796326794884
-0.4624260570739709,0.7389996335666973,0.027000000000298514,3.141592653589793,-0,0
-0.3544260570739716,0.7749996335666969,0.02700000000029852,3.141592653589793,-0,1.5707963267948846
-0.2724260570739721,0.8109996335666968,0.027000000000298514,3.141592653589793,-0,0
-0.1544260570739722,0.8109996335666968,0.027000000000298514,3.141592653589793,-0,0
-0.25320504321245746,-0.7269777443494504,0.189,3.1415926535897847,-8.947575191053074E-15,-3.0679146881092008
0.0290196130689492,0.8729553787833249,0.081,3.141592653589793,-0,2.1928905463134925
-0.256768446073577,-0.7274862761860523,0.171,-3.1415926535897887,-4.736951571733979E-15,0.01670243227394821
0.13616033552518317,0.7509428036101136,0.09899999999999999,3.141592653589793,-0,-1.6349214951224937
-0.41637252345766607,-0.7920185611520437,0.1710000000000001,3.141592653589786,7.368591333808408E-15,-0.7931518493665323
0.01359818848366022,0.8549496280254871,0.063,3.141592653589793,-0,2.192890546313493
-0.14374709264777558,-0.6919642792106995,0.15299999999999997,-3.1415926535897922,5.263279524148869E-16,-2.5245076167677354
0.11121271039848414,0.7202827067484956,0.081,3.141592653589793,-0,-1.6349214951224882
-0.2655289902479739,-0.726714453274267,0.15299999999999997,-3.141592653589791,-2.894803738281876E-15,-0.08592048005266034
-0.0023067214021421025,0.8381203382354888,0.045000000000000005,3.141592653589793,-0,-0.948702107276305
-0.3517226413503563,-0.8286112638682688,0.15299999999999994,3.1415926535897922,5.263279524148876E-16,-0.35103757150943515
0.08635315067699764,0.691610341151714,0.063,3.141592653589793,-0,-1.6349214951224882
-0.44823376606113785,-0.7478282537527383,0.15299999999999941,-3.141592653589733,5.3685451146322927E-14,-1.001131808638156
-0.01857829635024632,0.8216707150461217,0.027000000000000003,3.141592653589793,-0,-0.9487021072763067
-0.1554149304335615,-0.7009671356799579,0.135,-3.1415926535897922,-5.26327952414887E-16,0.5271193978945885
0.061918037664422075,0.6624581679029261,0.045000000000000005,3.141592653589793,-0,-1.6349214951225024
-0.2752016279117927,-0.7243794188231643,0.135,3.141592653589793,-0,2.91965592331555
0.0472605725905454,0.8868923475134772,0.063,3.141592653589793,-0,-0.9487021072763069
-0.3790472921968795,-0.8161815305578712,0.135,3.1415926535897922,-7.894919286223295E-16,2.64212425602338
0.03643147168686691,0.6309751285432085,0.027000000000000003,3.141592653589793,-0,-1.6349214951225024
-0.45635695325271414,-0.7227589432300032,0.135,3.141592653589793,-0,-1.2278762378684946
0.030379341382083112,0.8714237086174583,0.045000000000000005,3.141592653589793,-0,2.1928905463134862
-0.1468272317104624,-0.6963313498901282,0.11699999999999999,3.1415926535897922,-9.21073916726052E-16,-2.577229300182767
0.18521120747552028,0.7971542792344044,0.09899999999999999,3.141592653589793,-0,-1.6349214951224937
-0.24789824097456672,-0.8370508462398476,0.11699999999999995,-3.141592653589785,8.026501274327029E-15,-3.0268894626314182
0.013944952350983201,0.8551985776151776,0.027000000000000003,3.141592653589793,-0,2.192890546313493
-0.2759360271294205,-0.7234953924371182,0.11699999999999967,3.1415926535897745,-1.881622429883221E-14,2.888584843435616
0.16065893501903264,0.7732765180630773,0.081,3.141592653589793,-0,-1.6349214951225164
-0.3777516226741253,-0.8178021041559016,0.11699999999999999,3.1415926535897927,2.631639762074432E-16,-0.4807947064037029
0.08307529429796376,0.9158604444362175,0.063,3.141592653589793,-0,-0.9487021072763069
-0.5265829223170793,-0.8315954098597327,0.11699999999999995,-3.1415926535897927,-3.947459643111645E-16,-0.9143122138917791
0.13626000209277714,0.7509364186866174,0.063,3.141592653589793,-0,-1.6349214951225166
-0.4560130359990639,-0.7122349809778831,0.11699999999999999,3.141592653589793,-0,1.6666069740813012
0.06508122052315769,0.901917740749111,0.045000000000000005,3.141592653589793,-0,-0.9487021072762999
-0.5739198898926371,-0.7091034803612914,0.11699999999999999,3.141592653589792,1.5789838572446595E-15,-1.5271788344340167
0.11121271039848409,0.7202827067484951,0.045000000000000005,3.141592653589793,-0,-1.6349214951224882
-0.5296125041094071,-0.5850233728496589,0.11699999999999999,3.141592653589793,-0,-2.365802549899703
0.04760745792333508,0.88714137895554,0.027000000000000003,3.141592653589793,-0,-0.9487021072763001
-0.07385580586745608,-0.6158617760299738,0.099,3.141592653589792,1.5789838572446585E-15,1.1047672629772702
0.08635315067699759,0.6916103411517136,0.027000000000000003,3.141592653589793,-0,-1.6349214951224882
-0.16316590507918677,-0.7054074900424909,0.09899999999999999,3.141592653589793,-0,-2.6782757608995515
0.10202923898225265,0.9292140913057465,0.045000000000000005,3.141592653589793,-0,2.1928905463134862
-0.280308982236808,-0.8379105300560382,0.09899999999999956,-3.141592653589777,1.6053002548654076E-14,-3.1144180509176906
0.23385973782462488,0.8370212695783726,0.09899999999999999,3.141592653589793,-0,-1.6349214951224937
-0.28963457182532215,-0.7181146560628482,0.09899999999999994,-3.14159265358979,-3.1579677144893265E-15,-0.44118056500498404
0.08341024078450204,0.916100899077344,0.027000000000000003,3.141592653589793,-0,2.192890546313493
-0.4021135647056681,-0.8039768226605214,0.099,3.141592653589793,-2.6316397620744297E-16,2.4906416958041553
0.20956698939732907,0.8184457790762658,0.081,3.141592653589793,-0,-1.6349214951225164
-0.49437892390583416,-0.8636870616455264,0.09900000000000911,3.141592653589739,-5.947505862288039E-14,-0.7474894296318781
0.14161101225502182,0.9529049503488068,0.045000000000000005,3.141592653589793,-0,-0.9487021072763069
-0.5644083564443668,-0.7588375358488448,0.09899999999999996,-3.1415926535897927,6.579099405186074E-16,1.8938665317803864
0.1852482406837528,0.7969913827948719,0.063,3.141592653589793,-0,-1.6349214951224937
-0.4535343796013759,-0.6887017208101065,0.09899999999999955,3.1415926535897594,-3.368498895455277E-14,1.3065815318851992
0.12177617115163036,0.9414869156103954,0.027000000000000003,3.141592653589793,-0,2.1928905463134925
-0.5613962835955412,-0.6322294052038674,0.09899999999999999,-3.141592653589793,2.6316397620744317E-16,1.1772563397371554
0.16060146954956378,0.7732801979618869,0.045000000000000005,3.141592653589793,-0,-1.6349214951224937
-0.46597297035996266,-0.5489977893598541,0.09899999999999999,3.141592653589793,-0,-2.940966013465956
0.16289579632894402,0.963033101505279,0.027000000000000003,3.141592653589793,-0,-0.9487021072763069
-0.08489209936930757,-0.6358585982820997,0.08100000000000002,3.1415926535897927,3.947459643111659E-16,0.982508354671007
0.1362025396844331,0.7509400998897613,0.027000000000000003,3.141592653589793,-0,-1.6349214951225166
-0.17949299568989455,-0.7120339004306916,0.08099999999999997,3.1415926535897896,-3.5527136788004777E-15,-2.759363291175676
0.20699466155834534,0.9804245965822312,0.027000000000000003,3.141592653589793,-0,2.192890546313493
-0.19202507438337593,-0.8219297222601276,0.08099999999999996,3.1415926535897603,-3.3027079014034165E-14,-2.862531257036206
0.2577858933836192,0.8515348251354316,0.081,3.141592653589793,-0,-1.6349214951224937
-0.3115576752893916,-0.8366759610144241,0.08099999999999997,3.141592653589793,-0,3.070190950531621
0.23380716429800974,0.836703587766865,0.063,3.141592653589793,-0,-1.6349214951224937
-0.4267850341886374,-0.9095779888978316,0.08099999999999997,-3.1415926535897927,-3.94745964311165E-16,-0.4957511656833699
0.20960038178729523,0.8183152226720977,0.045000000000000005,3.141592653589793,-0,-1.6349214951225164
-0.422567656559379,-0.7872372519981172,0.08100000000000002,-3.141592653589793,1.315819881037217E-16,2.3151338072656578
0.18520603203325378,0.7969940847935665,0.027000000000000003,3.141592653589793,-0,-1.6349214951224937
-0.5202756292002816,-0.8333869247286844,0.08099999999999997,3.1415926535897927,-2.631639762074433E-16,2.2620805585437083
0.28232486856645106,0.8625453518521485,0.063,3.141592653589793,-0,-1.63492149512246
-0.5722144400896046,-0.7237916470086668,0.08100000000000002,3.141592653589793,-0,-1.4176827845879665
0.2577858933836194,0.8515348251354313,0.045000000000000005,3.141592653589793,-0,-1.6349214951224937
-0.546742539646788,-0.6046372910025609,0.08100000000000002,-3.1415926535897922,-7.894919286223289E-16,-2.1693449826228077
0.23380716429800993,0.836703587766865,0.027000000000000003,3.141592653589793,-0,-1.6349214951225164
-0.44531907915041974,-0.6690753471033402,0.08099999999999997,3.141592653589792,1.973729821555827E-15,-2.1291566936735657
0.3289084446924959,0.8709765671906545,0.063,3.141592653589793,-0,-1.63492149512246
-0.44043528722073394,-0.5451809778843418,0.0809999999999999,3.1415926535897865,-6.710681393289804E-15,0.017616523518806798
0.3041243485596948,0.8685352951447014,0.045000000000000005,3.141592653589793,-0,-1.63492149512246
-0.3014988138924085,-0.7112762247594344,0.08099999999999996,-3.141592653589792,-1.3158198810372172E-15,-0.6078147237710391
0.2815226480757942,0.8625966508601549,0.027000000000000003,3.141592653589793,-0,-1.63492149512246
-0.07333916779026237,-0.6164993390906075,0.06299999999999999,-3.1415926535897922,-7.237009345704699E-16,1.0727403914061135
0.3510808478279919,0.8707586910681706,0.045000000000000005,3.141592653589793,-0,-1.63492149512246
-0.16912842762646704,-0.7063486747683566,0.06300000000000001,-3.1415926535897922,-9.868649107779144E-16,0.44203889566740234
0.32811553274387556,0.8710272436179185,0.027000000000000003,3.141592653589793,-0,-1.63492149512246
-0.16291014239860863,-0.811844004841406,0.0630000000000962,3.141592653587338,-2.447951306681667E-12,0.3395533015517071
0.39644766578503254,0.8583541559595161,0.045000000000000005,3.141592653589793,-0,-1.63492149512246
-0.25008034054677053,-0.9566871663741943,0.06299999999999484,-3.141592653588719,1.0712089651523985E-12,-0.0664407142407429
0.37397742308649334,0.8669697918115842,0.027000000000000003,3.141592653589793,-0,-1.63492149512246
-0.29072657107878996,-0.8367873998921732,0.06299999999999918,-3.141592653589588,2.0559685641206493E-13,-3.1219476105944852
0.41859544076760746,0.8447411593578844,0.027000000000000003,3.141592653589793,-0,-1.63492149512246
-0.30045894554921737,-0.7123582966619745,0.063,3.141592653589793,-0,2.590575824614441
0.6529720314745856,0.7179710229489196,0.063,3.141592653589793,-0,-3.078337491499841
-0.37760425053387503,-0.93131414487376,0.063,-3.1415926535897927,5.263279524148866E-16,2.7822816808889472
0.5586857980426406,0.7818256706540115,0.045000000000000005,3.141592653589793,-0,-3.078337491499841
-0.41545361660914754,-0.7957139791063229,0.063,3.1415926535897927,-2.631639762074431E-16,2.3803691714037645
0.5155195477030368,0.8013396450430255,0.027000000000000003,3.141592653589793,-0,-3.078337491499841
-0.48913477560086777,-0.8635578328889942,0.063,3.141592653589793,-0,-0.7371111495901312
0.6771389521205193,0.6739837673311798,0.063,3.141592653589793,-0,-3.078337491499841
-0.5634011117432688,-0.75561767658379,0.06299999999999999,3.1415926535897927,1.9737298215558273E-16,-1.235639320697474
0.6192208250349011,0.73961845258425,0.045000000000000005,3.141592653589793,-0,-3.078337491499841
-0.558142207328352,-0.6242077015510423,0.063,3.1415926535897896,-1.0460768054246351E-14,-2.0220358231877404
0.585754535463147,0.7597495769656596,0.027000000000000003,3.141592653589793,-0,-3.078337491499841
-0.4471788682792781,-0.6699766744293373,0.063,3.141592653589793,-0,1.0497309524618743
0.6737861914852864,0.6271672384392195,0.063,3.141592653589793,-0,-3.078337491499841
-0.4528305682988558,-0.5457196129490044,0.06300000000000038,-3.14159265358975,4.31588920980207E-14,0.14074934689966015
0.656356524253696,0.6959205037109105,0.045000000000000005,3.141592653589793,-0,-3.078337491499841
-0.04346800175322658,-0.5217026004589779,0.04500000000000001,-3.141592653589793,-6.57909940518609E-17,1.4366158106670694
0.6330428052665764,0.7166983341320025,0.027000000000000003,3.141592653589793,-0,-3.078337491499841
-0.08888632805893183,-0.6394186240575428,0.04500000000000001,3.141592653589793,-0,-2.2070596981965993
0.6702941835085915,0.6507440330821231,0.045000000000000005,3.141592653589793,-0,-3.078337491499841
-0.08976981333200001,-0.779784307079708,0.04500000000000001,3.1415926535897927,3.289549702593048E-16,0.5131970734813345
0.657225765203412,0.6724416137940926,0.027000000000000003,3.141592653589793,-0,-3.078337491499841
-0.19077605224243144,-0.7141065855755484,0.04500000000000006,3.1415926535897922,-1.1842378929334961E-15,-2.789460207418632
0.6463757323432434,0.6003817885937324,0.045000000000000005,3.141592653589793,-0,-3.078337491499841
-0.16803528587407718,-0.9617116443489343,0.04499999999999998,-3.1415926535897927,-5.263279524148865E-16,0.022408498793039328
0.6538557418781958,0.6258940816896844,0.027000000000000003,3.141592653589793,-0,-3.078337491499841
-0.203478514191862,-0.8238831037430947,0.045000000000006035,-3.141592653588718,1.070814219188059E-12,0.24349971107256455
0.6052426802989764,0.5767245115295444,0.027000000000000003,3.141592653589793,-0,-3.078337491499841
-0.29218908086811807,-0.9544558720116675,0.04500000000000001,3.141592653589793,-0,2.9784409470456086
0.32814122642097954,0.4710504349399166,0.09899999999999999,3.141592653589793,-0,-0.25242713153428276
-0.328534963186085,-0.8346405552379671,0.04499999999999696,-3.1415926535897283,6.283039931952837E-14,-0.12551942783097073
0.22305167988229685,0.5516389369074008,0.063,3.141592653589793,-0,2.9032484859042214
-0.41143245409969764,-0.916508275962511,0.045000000000000005,3.141592653589793,-0,2.6722887307100622
0.37043841267331556,0.483910647360935,0.081,3.141592653589793,-0,-0.25242713153428276
-0.5112922339145235,-0.840474800607816,0.04499999999999999,3.141592653589793,6.579099405186099E-17,-0.8426520550784475
0.2559496857015267,0.5673217935733353,0.045000000000000005,3.141592653589793,-0,2.9032484859042214
-0.43679344229188805,-0.7697907293508595,0.04500000000000571,-3.1415926535886567,1.136605213239948E-12,2.1574004011933465
0.4156476812400162,0.49595749509738823,0.063,3.141592653589793,-0,-0.25242713153428276
-0.570243043916825,-0.7289162810444477,0.045000000000000005,-3.141592653589793,-6.579099405186087E-17,-1.367714147412753
0.2937841725338138,0.5818078318700571,0.027000000000000003,3.141592653589793,-0,2.903248485904208
-0.5464330881850398,-0.604501353347578,0.045000000000002344,3.141592653589757,-3.585609175826411E-14,0.9590272068231054
0.46357572544336734,0.5074319073112064,0.045000000000000005,3.141592653589793,-0,2.8891655220555106
-0.4308258601145286,-0.6464231714338492,0.04500000000000001,-3.1415926535897927,-3.947459643111648E-16,-2.348750487202236
0.15575972766532914,0.5206405876035721,0.063,3.141592653589793,-0,2.9032484859042214
-0.43508587602174825,-0.5442455456666149,0.044999999999996945,-3.141592653589656,1.32766225996652E-13,-3.108473071502258
0.5134823510497406,0.5183326048088409,0.027000000000000003,3.141592653589793,-0,-0.2524271315342634
-0.31594654669829914,-0.7015573388811501,0.04499999999998234,3.141592653588544,-1.2492393950567348E-12,2.410566265111316
0.1699213166696987,0.5408698085412568,0.045000000000000005,3.141592653589793,-0,2.9032484859042214
-0.05059988927877339,-0.551877366457797,0.027000000000000003,3.141592653589793,-0,1.3203361770451214
0.27450468922183113,0.43736321242379145,0.09899999999999999,3.141592653589793,-0,-0.25242713153428264
-0.1061047459584399,-0.6596222345574125,0.026999999999999635,3.1415926535896137,-1.795436227675281E-13,-2.32002523686498
0.19408926612162078,0.5586695220242435,0.027000000000000003,3.141592653589793,-0,2.9032484859042214
-0.12372615506134742,-0.7980023042159029,0.027000000000000003,3.141592653589793,-0,0.40842775901870304
0.3088378529375657,0.45227327278260704,0.081,3.141592653589793,-0,2.8891655220555106
-0.09454520067133564,-0.9596903171575689,0.027000000000000003,-3.141592653589793,-6.579099405186085E-17,0.08071791706547475
0.1110245404963976,0.48416999231153557,0.063,3.141592653589793,-0,2.9032484859042214
-0.21140675987481947,-0.7199353083801521,0.02699999999999999,-3.141592653589793,1.9737298215558303E-16,-2.8765259320574548
0.3474812914534618,0.466074161698699,0.063,3.141592653589793,-0,2.8891655220555106
-0.21341290709661273,-0.96272368113926,0.02700000000000001,3.141592653589793,2.302684791815131E-16,-0.04137021728001723
0.11084569646674786,0.5078827622741268,0.045000000000000005,3.141592653589793,-0,2.9032484859042214
-0.23883230603844066,-0.8314520448573929,0.027000000000000003,3.141592653589793,-0,-2.989565935402329
0.38978122341948357,0.47893399821518334,0.045000000000000005,3.141592653589793,-0,2.8891655220555106
-0.3318318770205663,-0.946936020408847,0.027000000000007573,-3.1415926535896785,1.1256839082273103E-13,2.902666908000012
0.11696166407432179,0.5300658797008622,0.027000000000000003,3.141592653589793,-0,2.9032484859042214
-0.35972986057582207,-0.8273083699188087,0.026999999999999857,-3.1415926535897807,1.592142056055096E-14,-0.3051920754211219
0.43499304609083883,0.49098033563211746,0.027000000000000003,3.141592653589793,-0,-0.2524271315342624
-0.4432339554990858,-0.9017702438025146,0.027000000000000003,3.141592653589793,-0,-0.5532621523079897
0.08731783472544066,0.4425924801662046,0.063,3.141592653589793,-0,2.9032484859042214
-0.5314935985482275,-0.8194331313582868,0.02700000000000001,3.141592653589792,-1.6447748512965168E-15,2.1835399304118286
0.23871640400271787,0.3990820709552643,0.09899999999999999,3.141592653589793,-0,2.889165522055531
-0.4489231788381415,-0.7444604056035156,0.02699999999999826,-3.1415926535897496,4.388259303259116E-14,1.9655160706749737
0.07748081913209658,0.4686535040517208,0.045000000000000005,3.141592653589793,-0,2.9032484859042214
-0.5739802105305032,-0.7057811565499789,0.027000000000000017,-3.141592653589793,2.631639762074434E-16,1.6335117202991547
0.26405433843783643,0.41630741245267294,0.081,3.141592653589793,-0,2.8891655220555106
-0.5343705022000154,-0.590567844853596,0.02700000000000001,3.1415926535897927,4.2764146133709593E-16,-2.318381768897054
0.07223403965682688,0.4935989905002887,0.027000000000000003,3.141592653589793,-0,-0.23834416768558028
-0.41544504232288826,-0.6298326258916783,0.026999999999999996,3.1415926535897927,-4.605369583630264E-16,0.6692525274594469
0.29384040412569296,0.43238801818246897,0.063,3.141592653589793,-0,-0.25242713153428276
-0.42160938890583044,-0.5445309500428794,0.027000000000000003,3.141592653589793,-0,3.10907034917068
0.08868951993668586,0.3949201517148401,0.063,3.141592653589793,-0,2.9032484859042214
-0.3282429924736871,-0.6910935748697675,0.02700000000000001,-3.141592653589793,-6.579099405186074E-17,-0.8326291862285324
0.32817640790731906,0.4472977334984281,0.045000000000000005,3.141592653589793,-0,-0.25242713153428276
-0.16383820435066146,-0.5156607105031463,0.15299999999999994,-3.141592653589789,3.4211316906967647E-15,-1.9713311394790405
0.06474226235408503,0.42441128835078573,0.045000000000000005,3.141592653589793,-0,2.9032484859042182
-0.17910808279563334,-0.5537481832062737,0.135,3.141592653589793,-0,-2.1826685528615384
0.3668226220383114,0.4610982050028997,0.027000000000000003,3.141592653589793,-0,-0.25242713153428276
-0.24923114290605924,-0.4703188863232913,0.135,-3.141592653589792,1.3158198810372156E-15,-1.5580755572493166
0.04853542140094061,0.45202304166010165,0.027000000000000003,3.141592653589793,-0,2.9032484859042182
-0.1503160847921482,-0.43664269849299786,0.13499999999999998,-3.141592653589793,-7.894919286223309E-16,-1.492453829075317
0.23925777397443962,0.3752585597562288,0.081,3.141592653589793,-0,-0.25242713153426843
-0.18397885920111937,-0.5662486698305317,0.117,3.141592653589792,-1.842147833452102E-15,-2.2576717336253163
0.1199803635349206,0.3399844907830886,0.063,3.141592653589793,-0,-0.2383441676855802
-0.24965805467162835,-0.4853074051457218,0.11699999999999999,-3.1415926535897922,1.3158198810372174E-15,-1.6691374375593713
0.2580481350267232,0.39410854254773925,0.063,3.141592653589793,-0,2.8891655220555106
-0.15067815206171387,-0.44313932535822187,0.11699999999999998,3.141592653589793,-0,-1.4545476440619538
0.08156719644248951,0.3729816051187733,0.045000000000000005,3.141592653589793,-0,-0.23834416768558023
-0.3043173709453215,-0.373641799051749,0.11699999999999999,3.141592653589793,-0,2.493815720033439
0.283388800700569,0.4113332894856242,0.045000000000000005,3.141592653589793,-0,-0.25242713153428264
-0.1945116946396432,-0.5810843667692793,0.09899999999999999,3.141592653589793,-0,-2.3772511729765946
0.04991690809429062,0.40434714118646553,0.027000000000000003,3.141592653589793,-0,2.9032484859042182
-0.25120399955866235,-0.5021927777330184,0.09899999999999999,3.141592653589793,-0,-1.7842593830659044
0.31317760997338845,0.4274133717880616,0.027000000000000003,3.141592653589793,-0,-0.25242713153428276
-0.1476244357843259,-0.46682722913838215,0.09899999999999999,-3.141592653589793,1.315819881037218E-16,-1.5755884837577598
0.12478042075450158,0.3151537777936267,0.045000000000000005,3.141592653589793,-0,2.9032484859042214
-0.1911876403703148,-0.3507636720309782,0.0990000000000001,3.1415926535897922,6.579099405186086E-16,2.2787200539192267
0.2504079089063098,0.3485889417862546,0.063,3.141592653589793,-0,-0.2524271315342684
-0.3467516116967183,-0.46624279598325996,0.09899999999999999,3.141592653589793,-0,-0.9454378864806837
0.08121752522975231,0.3493972194105908,0.027000000000000003,3.141592653589793,-0,2.9032484859042214
-0.2882272263264199,-0.3880468152715242,0.09899999999999999,3.1415926535897927,3.947459643111659E-16,2.417520487524453
0.25858900873929463,0.3702867900714973,0.045000000000000005,3.141592653589793,-0,2.889165522055531
-0.455700648411446,-0.40600162835075565,0.09899999999999995,-3.1415926535897922,9.210739167260512E-16,-0.18497384166381653
0.13334406035228386,0.28941332552198473,0.027000000000000003,3.141592653589793,-0,2.9032484859042214
-0.20365655389235046,-0.5904109840136783,0.08099999999999996,-3.1415926535897856,2.0789954120387868E-14,0.6865762308372624
0.27738165929291414,0.3891357624370776,0.027000000000000003,3.141592653589793,-0,2.8891655220555106
-0.2536592832715221,-0.5147794511362023,0.081,3.141592653589793,-0,-1.8576229981334933
0.2770432072688503,0.3180655029155839,0.045000000000000005,3.141592653589793,-0,-0.25242713153428264
-0.34028819027334334,-0.48009018476892096,0.08099999999999988,-3.1415926535897087,8.618620220793785E-14,2.0640897300794614
0.2697400385924594,0.3436194214718282,0.027000000000000003,3.141592653589793,-0,-0.25242713153428264
-0.14656563812456944,-0.4851250594219326,0.08100000000000002,3.141592653589793,-0,1.4563866929494733
0.2919234005268001,0.29044989563400453,0.027000000000000003,3.141592653589793,-0,-0.2524271315342827
-0.17323795280469956,-0.368020119985008,0.08099999999997132,3.1415926535881473,-1.6509592047373631E-12,2.204694110656868
0.43917626983019387,0.10349140534945661,0.063,3.141592653589793,-0,-2.49956432397872
-0.27546661647458076,-0.4001629276598897,0.081,3.141592653589793,-0,2.317406166819193
0.35748928268392377,0.12842214081165168,0.045000000000000005,3.141592653589793,-0,-2.49956432397872
-0.26374660241355047,-0.2857424843346576,0.0810000000000005,-3.1415926535897687,3.250075106161924E-14,2.489129176526675
0.338601537333794,0.14296622542689488,0.027000000000000003,3.141592653589793,-0,-2.499564323978743
-0.3782903891951605,-0.3344865246141024,0.08100000000000002,3.141592653589793,-0,-0.4298522854661191
0.49362152371800955,0.08682832844223373,0.063,3.141592653589793,-0,0.6420283296110522
-0.4369244308435249,-0.41053935712733214,0.08099999999999989,-3.141592653589777,1.6316166524861478E-14,-0.25431596431003733
0.4203196235825246,0.11804771649768012,0.045000000000000005,3.141592653589793,-0,-2.49956432397872
-0.5588277863104435,-0.39677772017487556,0.08100000000000002,-3.141592653589793,1.315819881037216E-16,-0.0442114709964681
0.40087073295824166,0.13218545494155245,0.027000000000000003,3.141592653589793,-0,-2.499564323978743
-0.19886593112585663,-0.5860111343812289,0.0629999999999985,-3.1415926535896745,1.2289757688887286E-13,0.7189092499379456
0.48050351318077966,0.10567666579406237,0.045000000000000005,3.141592653589793,-0,0.6420283296110523
-0.25223673131536484,-0.5093303487143322,0.063,3.141592653589793,-0,1.3098521787531872
0.46320878072306965,0.12143182108751635,0.027000000000000003,3.141592653589793,-0,0.6420283296110517
-0.14382905665508486,-0.47121555196874404,0.063,3.141592653589793,-0,-1.631468811589313
0.5223411993321923,0.07960910109392158,0.045000000000000005,3.141592653589793,-0,-2.499564323978741
-0.3435115595195815,-0.4749747158103073,0.063,3.141592653589793,-0,2.123797674255256
0.5176527596114722,0.10476783494137001,0.027000000000000003,3.141592653589793,-0,-2.499564323978741
-0.18280595966077026,-0.3507058513254239,0.06299999999999997,3.1415926535897905,-2.6316397620744335E-15,-0.811226487644948
0.539798359059171,0.06397983815774859,0.027000000000000003,3.141592653589793,-0,0.6420283296110517
-0.285312926953876,-0.39063929485553883,0.06299999999999988,3.1415926535897922,-1.052655904829775E-15,-0.7365534342523398
0.9107917974651691,0.23588544378246665,0.11699999999999999,3.141592653589793,-0,-1.8039223057398754
-0.284280013814493,-0.2686398666255444,0.063,-3.1415926535897922,-7.894919286223299E-16,2.519491542172108
0.7248745586927231,0.21764787865900473,0.081,3.141592653589793,-0,1.3376703478499168
-0.39797956079308117,-0.3253279208922908,0.063,-3.141592653589793,2.6316397620744327E-16,-0.4183391223473758
0.8574061679670255,0.3095208442727514,0.09899999999999999,3.141592653589793,-0,-1.8039223057398754
-0.4528980172781483,-0.4070320813366976,0.063,3.141592653589793,-0,2.9426867812521844
0.697806305447595,0.20322531000806796,0.063,3.141592653589793,-0,1.3376703478499168
-0.5852090143185945,-0.3961003906360562,0.063,-3.1415926535897922,-9.210739167260516E-16,3.1030275450711606
0.7981126103997315,0.3582901535523288,0.081,3.141592653589793,-0,-1.803922305739931
-0.5173065965717276,-0.2717113653219088,0.063,-3.141592653589793,2.6316397620744386E-16,-0.4529326127349449
0.6685032321993858,0.17888575400460294,0.045000000000000005,3.141592653589793,-0,1.3376703478499168
-0.21082346571926966,-0.5943273215647712,0.04499999999999886,3.14159265358961,-1.828989634641729E-13,-2.4913353945153167
0.729484189916875,0.3678122949958694,0.063,3.141592653589793,-0,-1.803922305739931
-0.2566370694212588,-0.5204989078271999,0.04500000000000001,-3.1415926535897927,-3.947459643111651E-16,1.2612537986451757
0.6365581072389755,0.14451501865602612,0.027000000000000003,3.141592653589793,-0,1.3376703478499168
-0.33944142258500926,-0.481706045651286,0.045000000000000005,3.141592653589793,-0,2.092125784411646
0.6533525803057322,0.3455545875336052,0.045000000000000005,3.141592653589793,-0,-1.8039223057398754
-0.14531161329361206,-0.4893971859583501,0.044999999999999984,-3.1415926535897922,7.894919286223305E-16,-1.7311971875870322
0.7682594873458002,0.2018542809162538,0.081,3.141592653589793,-0,-1.803922305739931
-0.1673317171855967,-0.36755663624681234,0.045000000000000005,3.141592653589793,-0,2.1903123031297254
0.6258635431860886,0.3295942587775459,0.027000000000000003,3.141592653589793,-0,-1.8039223057398754
-0.27563616217360193,-0.4016621450224973,0.04499999999999989,3.141592653589787,-6.315935428978634E-15,-0.8379970699311937
0.7443104936560441,0.2000062213398499,0.063,3.141592653589793,-0,1.3376703478499168
-0.26265306375775127,-0.28494395970693154,0.04499999999999999,3.141592653589793,1.9737298215558259E-16,2.523524571361526
0.8953608110256955,0.27037210911789666,0.09899999999999999,3.141592653589793,-0,-1.803922305739931
-0.3814135209665319,-0.33332004640815566,0.045000000000000005,3.141592653589793,-0,2.7097807204685016
0.718022722283401,0.1883320205978249,0.045000000000000005,3.141592653589793,-0,1.3376703478499168
-0.4404565475522668,-0.4097697316026298,0.04500000000000001,3.141592653589793,-0,2.896703584715322
0.8417746554656429,0.34314732553816213,0.081,3.141592653589793,-0,-1.8039223057398754
-0.36406422563263996,-0.20903252199337907,0.04500000000000001,3.1415926535897922,-7.894919286223329E-16,-0.6844813264991435
0.690866121777748,0.17407213206021405,0.027000000000000003,3.141592653589793,-0,1.3376703478499168
-0.4969607627578653,-0.2810612576660325,0.044999999999999936,3.141592653589787,-7.631755310015631E-15,2.684460421940612
0.7792348928791007,0.37826389074972944,0.063,3.141592653589793,-0,-1.803922305739931
-0.5674769754682426,-0.3969005005917867,0.045000000000000005,-3.141592653589793,-6.579099405186077E-17,-0.03560856699979162
0.78330447607597,0.16522055392562893,0.063,3.141592653589793,-0,1.3376703478499168
-0.6947710149432712,-0.38598658002615993,0.045000000000000005,3.141592653589793,1.3158198810372166E-16,2.9304702729714514
0.7076959869698167,0.375303646004182,0.045000000000000005,3.141592653589793,-0,-1.803922305739931
-0.6056029672751313,-0.2159558687121049,0.04499999999999995,3.14159265358979,-3.421131690696759E-15,-0.660250981766772
0.761409071959847,0.1725376778028964,0.045000000000000005,3.141592653589793,-0,1.3376703478499168
-0.8092532285868722,-0.33152289725348627,0.044999999999999984,3.141592653589776,-1.0921305012609269E-14,2.548678884800123
0.6841815281503547,0.37603429254529475,0.027000000000000003,3.141592653589793,-0,-1.8039223057398754
-0.21945554080282104,-0.5986269777128019,0.02700000000000001,-3.141592653589793,-3.2895497025930476E-17,0.6165751460836342
0.7373714413651966,0.17085153580230295,0.027000000000000003,3.141592653589793,-0,1.3376703478499168
-0.26069136295237616,-0.5271069872131439,0.026999999999999996,3.141592653589793,-2.3026847918151295E-16,-1.898424686311204
0.929879974983031,0.21676575143455057,0.09899999999999999,3.141592653589793,-0,-1.803922305739931
-0.3376908727841998,-0.4839810055554675,0.027000000000000003,3.141592653589793,-6.579099405186101E-17,-1.0401097633386527
0.7956845423946426,0.11790616582241302,0.045000000000000005,3.141592653589793,-0,1.3376703478499168
-0.14813780326661194,-0.5017718871472857,0.02699999999999983,3.1415926535897887,-2.7632217501783138E-15,1.3261459324215807
0.8814033830999294,0.31104443133750925,0.081,3.141592653589793,-0,-1.803922305739931
-0.16054462588314589,-0.38205748384739247,0.027000000000000003,-3.141592653589793,3.289549702593045E-17,-1.0795602680063066
0.7763673576533191,0.13606584237360964,0.027000000000000003,3.141592653589793,-0,1.3376703478499168
-0.2710723792029258,-0.41003645257752164,0.026999999999999982,3.141592653589791,-2.3026847918151284E-15,-0.9236233553148886
0.8251281255456184,0.372502929143444,0.063,3.141592653589793,-0,-1.803922305739931
-0.2479322416267553,-0.2977790686374789,0.027000000000000003,3.141592653589793,-0,-0.5885696698195557
0.808798041406138,0.07365968463161586,0.027000000000000003,3.141592653589793,-0,1.3376703478499168
-0.3702887111290434,-0.3396205008174372,0.027000000000000003,3.1415926535897927,3.9474596431116537E-16,2.6940318442410383
0.7594764570113881,0.39428685651194795,0.045000000000000005,3.141592653589793,-0,-1.8039223057398754
-0.4328406384219858,-0.4115889562802697,0.027000000000000003,3.141592653589793,-0,2.861500979300549
0.7387418909770203,0.40669819802818397,0.027000000000000003,3.141592653589793,-0,-1.8039223057398754
-0.34703229295009136,-0.22556813608002113,0.026999999999999698,-3.1415926535897754,1.7631986405898296E-14,2.436643891228566
0.9177297247033911,0.2650471633298126,0.081,3.141592653589793,-0,-1.8039223057398752
-0.48230294342370944,-0.2892541760632193,0.026999999999999996,3.141592653589793,-3.289549702593041E-17,2.6947671389591736
0.8666597264291799,0.3484053556730195,0.063,3.141592653589793,-0,-1.803922305739931
-0.5546061424933919,-0.39731836112502,0.027000000000003146,3.141592653588761,-1.0285764010069054E-12,3.106062312780253
0.8073684006175312,0.39717624159149073,0.045000000000000005,3.141592653589793,-0,-1.8039223057398754
-0.4342518279913483,-0.13934466293119893,0.026999999999999948,3.1415926535897927,-4.276414613370947E-16,-0.8488513090792398
0.7884913838604216,0.4171509095831892,0.027000000000000003,3.141592653589793,-0,-1.8039223057398754
-0.6772101136652847,-0.38953182630807137,0.027000000000000003,3.141592653589793,-0,-0.15950495887934565
0.9501387303853537,0.20256366564246428,0.081,3.141592653589793,-0,-1.803922305739931
-0.5881378544856269,-0.22723990765766464,0.02699999999999815,3.141592653589664,-1.292135123178548E-13,-0.6390762145089061
0.9046126857969083,0.3092556617801159,0.063,3.141592653589793,-0,-1.8039223057398754
-0.7903787921961779,-0.3446951284432836,0.027000000000000003,3.1415926535897927,4.934324553889562E-16,2.5093371818869192
0.8510291785743037,0.38203323699217767,0.045000000000000005,3.141592653589793,-0,-1.8039223057398754
-0.5086262526840789,-0.04421203946472465,0.027000000000000003,3.141592653589793,-0,-0.9572952905741534
0.8343834471180277,0.41139013334025054,0.027000000000000003,3.141592653589793,-0,-1.8039223057398754
-0.6740173399542947,-0.14016448474873086,0.027000000000000003,3.141592653589793,-0,-0.9672002302172161
0.9391297781453922,0.2556480755873689,0.063,3.141592653589793,-0,-1.8039223057399307
-0.8696016645758964,-0.2519818934954974,0.027000000000000003,3.141592653589793,-0,-1.0564238764605853
0.8906564479125219,0.3499294952847356,0.045000000000000005,3.141592653589793,-0,-1.803922305739931
-0.9159725210108014,-0.13849009270693716,0.027000000000000003,3.141592653589793,-0,-1.2874450311747219
0.8759137753350462,0.3872919212721597,0.027000000000000003,3.141592653589793,-0,-1.803922305739931
-0.7288368775711708,-0.03021489845931828,0.027000000000000003,3.141592653589793,-0,-1.2651735494148395
0.969012283058145,0.182535001476245,0.063,3.141592653589793,-0,1.3376703478498615
-0.933434884836317,0.1590649372474226,0.0810000000000743,3.141592653589793,-0,1.5707963267948957
0.926981033682551,0.30393103690290973,0.045000000000000005,3.141592653589793,-0,1.3376703478498624
-0.9334279365099455,0.11311262404320788,0.0630000000000743,3.141592653589793,-0,-1.5707963267948957
0.9138652348584182,0.348141108509609,0.027000000000000003,3.141592653589793,-0,-1.803922305739931
-0.9334216462871505,0.04118883997658309,0.04500000000007431,3.141592653589793,-0,-1.5707963267948957
0.9593877927038605,0.2414460763448601,0.045000000000000005,3.141592653589793,-0,-1.8039223057398754
-0.9334206871358334,-0.0047619746253869605,0.027000000000074305,3.141592653589793,-0,-1.5707963267948957
0.9483804641258144,0.29453210561065724,0.027000000000000003,3.141592653589793,-0,-1.803922305739931
-0.8514459135574695,0.19500967094076624,0.081,3.141592653589793,-0,3.141592653589793
0.9861422324461054,0.15517120122893988,0.045000000000000005,3.141592653589793,-0,-1.8039223057398754
-0.8974434806209978,0.1950205730077326,0.063,3.141592653589793,-0,3.141592653589793
0.9782604727202401,0.2214173234866245,0.027000000000000003,3.141592653589793,-0,-1.8039223057398752
-0.933434884836317,0.1590649372474226,0.04500000000007431,3.141592653589793,-0,1.5707963267948957
1.0009637485067593,0.1180945281254235,0.027000000000000003,3.141592653589793,-0,-1.803922305739931
-0.9334279365099455,0.11311262404320788,0.027000000000074305,3.141592653589793,-0,-1.5707963267948957
0.4032899851918617,-0.6182232351760193,0.11699999999999998,-3.1415926535897927,-1.3158198810372185E-16,1.948140180988385
-0.8154391680160702,0.15904149297303413,0.06299999999924441,3.141592653589793,-0,1.5707963267949092
0.3847535827893926,-0.7245614217754656,0.11699999999999999,3.1415926535897927,-0,-1.285872828046107
-0.8514459135574695,0.19500967094076624,0.045000000000000005,3.141592653589793,-0,3.141592653589793
0.34353601757,-0.8243120228358144,0.11699999999999999,3.141592653589793,-0,-1.6158185746951033
-0.8974434806209978,0.1950205730077326,0.027000000000000003,3.141592653589793,-0,3.141592653589793
0.47587841417342575,-0.2537904838864311,0.09899999999999959,3.141592653589763,-1.1447632965023498E-13,0.791455323398254
-0.8154301556091769,0.11309554449466021,0.04499999999924441,3.141592653589793,-0,1.5707963267949092
0.45032001929106213,-0.35854597071177646,0.09899999999999987,3.1415926535897887,-1.263187085795756E-14,0.8239344994504093
-0.8154391680160702,0.15904149297303413,0.0269999999992444,3.141592653589793,-0,1.5707963267949092
0.4284204951624873,-0.4641687935753605,0.09899999999999998,-3.1415926535897905,1.8553060322624485E-14,0.8606639160806421
-0.779425535302019,0.07713444168507409,0.027000000001693947,3.141592653589793,-0,-3.141592653589779
0.41040796021088194,-0.5705631561876185,0.09900000000000002,-3.1415926535897905,1.6974076465379874E-14,0.8947665649496659
-0.7810526618078842,0.27763440739407697,0.1170000000002985,3.141592653589793,-0,3.141592653589793
0.39420978054583067,-0.6772767564156131,0.099,-3.141592653589793,-6.579099405186101E-16,0.87883441656143
-0.8170796516149323,0.3596658376552338,0.1170000000002985,3.141592653589793,-0,1.5707963267949092
0.36606428137571834,-0.7814821508519152,0.09899999999999987,-3.1415926535897922,4.34220560742282E-15,-2.4992524260382982
-0.7350149629028242,0.39559478745766974,0.1170000000002985,3.141592653589793,-0,3.141592653589793
0.30575774003393585,-0.8709756427222235,0.09899999999999999,3.141592653589793,-0,-2.89039536271199
-0.6170536348742822,0.39552906919652564,0.1170000000002985,3.141592653589793,-0,3.141592653589793
0.48910334106444775,-0.20522047044179845,0.08099999999999997,-3.1415926535897807,3.5527136788004887E-15,-1.3164791190299652
-0.5810155219565672,0.3135937502008476,0.11700000000134494,3.141592653589793,-0,1.5707963267948977
0.46199583626997537,-0.30956972880079775,0.08099999999999284,-3.1415926535894783,8.605462021983631E-14,1.8551740943220454
-0.662298134548196,0.27768205726307077,0.1170000000002985,3.141592653589793,-0,3.141592653589793
0.43828885543271545,-0.41478141464357626,0.0809999999999999,3.141592653589792,3.947459643111655E-16,1.889799249169204
-0.817061312686048,0.31361100004012293,0.09900000000029852,3.141592653589793,-0,1.5707963267949092
0.4184282248958903,-0.5208286112930469,0.08099999999999936,-3.1415926535897025,2.4211085811084735E-14,-1.2145955564608646
-0.7810034473090425,0.39561683621949517,0.09900000000029852,3.141592653589793,-0,3.141592653589793
0.4019605204115145,-0.6274898332568953,0.08099999999999997,-3.1415926535897922,-2.6316397620744356E-16,1.946786460309671
-0.6630367403862064,0.3955563814102181,0.09900000000029852,3.141592653589793,-0,3.141592653589793
0.38244258598378406,-0.7336525938196271,0.08100000000000002,3.1415926535897927,-1.3158198810372205E-16,-1.3081151702640097
-0.5810451604997886,0.359542524099093,0.09900000000134494,3.141592653589793,-0,1.5707963267948977
0.33833699278158236,-0.8321579718239442,0.08099999999997608,3.141592653589763,-2.0263626167972563E-14,1.491449220188791
-0.6169836124364272,0.27765833379212346,0.09900000000029852,3.141592653589793,-0,3.141592653589793
0.2602695296519418,-0.9066463644138122,0.08099999999999997,-3.1415926535897922,-3.9474596431116556E-16,1.0810816438160555
-0.7349600799490842,0.277715246302328,0.09900000000029852,3.141592653589793,-0,3.141592653589793
0.525058274151151,-0.08296643921318597,0.06299999999999824,3.1415926535895125,-1.0410766898766708E-12,-2.3948197062262273
-0.7810526618078842,0.27763440739407697,0.08100000000029851,3.141592653589793,-0,3.141592653589793
0.4945275466003162,-0.18634933270640835,0.063,-3.141592653589793,-1.9737298215558268E-16,0.7732892309096224
-0.8170796516149323,0.3596658376552338,0.08100000000029851,3.141592653589793,-0,1.5707963267949092
0.46686233824239576,-0.29054708816649083,0.06300000000000001,3.141592653589793,-0,0.8020329183007846
-0.7350149629028242,0.39559478745766974,0.08100000000029851,3.141592653589793,-0,3.141592653589793
0.4424652137434461,-0.3955931633330072,0.0629999999999988,3.1415926535897905,-1.1250259982868215E-14,-2.306093003400941
-0.6170536348742822,0.39552906919652564,0.08100000000029851,3.141592653589793,-0,3.141592653589793
0.4218299267825755,-0.5014848652417693,0.06299999999999999,3.141592653589793,1.973729821555826E-16,0.872674511875849
-0.5810155219565672,0.3135937502008476,0.08100000000134494,3.141592653589793,-0,1.5707963267948977
0.4048513176503759,-0.6080605225901304,0.06299999999999994,3.1415926535897922,-3.355340696644908E-15,-2.2420587117367297
-0.662298134548196,0.27768205726307077,0.08100000000029851,3.141592653589793,-0,3.141592653589793
0.3870749927485096,-0.714527593313419,0.06299999999999994,3.1415926535897922,-4.671160577682113E-15,-2.312267593012571
-0.817061312686048,0.31361100004012293,0.06300000000029851,3.141592653589793,-0,1.5707963267949092
0.34893530434386744,-0.8154974760723158,0.063,3.141592653589793,-6.579099405186088E-17,0.5154380358038944
-0.7530102595955416,0.3956036320689365,0.06300000000029851,3.141592653589793,-0,-1.5707963267948881
0.2766378629716678,-0.8956040474122632,0.06299999999999287,-3.1415926535897176,2.863224061137078E-13,0.10581896006344614
-0.8171106311171261,0.4315023688392293,0.06300000000029851,3.141592653589793,-0,1.5707963267949092
0.17912442317265095,-0.9417721844230689,0.063,3.141592653589793,-0,-0.26828348629518034
-0.7811592902937897,0.5135194008246817,0.06300000000029851,3.141592653589793,-0,3.141592653589787
0.5245128114266565,-0.08484858738352345,0.044999999999984344,3.141592653587866,-5.164593033071075E-13,-1.3447465660132203
-0.6990697744330073,0.47750468268634605,0.06300000000029851,3.141592653589793,-0,1.5707963267948977
0.4941515141111247,-0.18828132798744768,0.0449999999999997,3.141592653589509,-7.618597111205494E-14,-1.3201859764715005
-0.6630367403862064,0.3955563814102181,0.06300000000029851,3.141592653589793,-0,3.141592653589793
0.4665517484558512,-0.29249697455507795,0.04499999999999991,3.141592653589773,-8.815993202949722E-15,1.8496429373380696
-0.5810451604997886,0.359542524099093,0.06300000000134495,3.141592653589793,-0,1.5707963267948977
0.43828885543271545,-0.41478141464357626,0.044999999999999915,3.141592653589792,3.947459643111655E-16,1.889799249169204
-0.6169836124364272,0.27765833379212346,0.06300000000029851,3.141592653589793,-0,3.141592653589793
0.4215674617219093,-0.5034467171419371,0.045000000000000005,3.141592653589793,-0,-1.2216095480079168
-0.7349600799490842,0.277715246302328,0.06300000000029851,3.141592653589793,-0,3.141592653589793
0.4162614643143246,-0.6089582065528817,0.04499999999999998,3.141592653589789,1.1184468988816355E-15,-1.1952044219604883
-0.7810526618078842,0.27763440739407697,0.045000000000298516,3.141592653589793,-0,3.141592653589793
0.3866441465468215,-0.7164618480270251,0.044999999999999964,3.1415926535897887,-1.1184468988816339E-15,-1.2688107545590757
-0.8170796516149323,0.3596658376552338,0.045000000000298516,3.141592653589793,-0,1.5707963267949092
0.3479214134494014,-0.8172090907708854,0.045000000000000005,-3.141592653589793,6.579099405186085E-17,-1.5859780768992253
-0.7530102595955416,0.3956036320689365,0.04500000000029851,3.141592653589793,-0,-1.5707963267948881
0.27502489211782233,-0.8967702210542571,0.04499999999999987,3.1415926535897865,-1.7763568394002444E-15,-1.9959632020626303
-0.817131541506982,0.47756413422085714,0.045000000000298516,3.141592653589793,-0,1.5707963267949092
0.17712804725112202,-0.9421190379991403,0.04500000000000179,3.141592653589521,-7.309379439161762E-14,-2.3792242865720508
-0.735075739927357,0.5134960468242916,0.045000000000298516,3.141592653589793,-0,3.141592653589787
0.06927270376236805,-0.9447694095444392,0.045000000000000005,3.141592653589793,-0,-2.788939578499279
-0.6990446078603887,0.43154341825184844,0.045000000000298516,3.141592653589793,-0,1.5707963267948977
0.539953252244997,-0.01859083956680945,0.027000000000000003,3.141592653589793,-0,0.6492363197559804
-0.6170536348742822,0.39552906919652564,0.04500000000029851,3.141592653589793,-0,3.141592653589793
0.517502473673466,-0.1082293290622763,0.027000000000000003,3.141592653589793,-0,0.756321279846624
-0.5810155219565672,0.3135937502008476,0.04500000000134496,3.141592653589793,-0,1.5707963267948977
0.487803877674456,-0.21185442945867208,0.027000000000000003,3.141592653589793,-0,0.7804437707495369
-0.662298134548196,0.27768205726307077,0.045000000000298516,3.141592653589793,-0,3.141592653589793
0.4608883282649052,-0.31625542213545366,0.027000000000000003,3.141592653589793,-0,0.8092978126038024
-0.817061312686048,0.31361100004012293,0.02700000000029852,3.141592653589793,-0,1.5707963267949092
0.43729258581371455,-0.42149467372199506,0.027000000000000003,3.141592653589793,-0,0.8434559757328697
-0.7530102595955416,0.3956036320689365,0.027000000000298514,3.141592653589793,-0,-1.5707963267948881
0.4175048783197775,-0.5275577133162843,0.027000000000000003,3.141592653589793,-0,0.8802818046490888
-0.8171106311171261,0.4315023688392293,0.02700000000029852,3.141592653589793,-0,1.5707963267949092
0.4368490869619608,-0.5991472525943923,0.027000000000000003,3.141592653589793,-0,0.8802818046490886
-0.7811592902937897,0.5135194008246817,0.02700000000029852,3.141592653589793,-0,3.141592653589787
0.36074993290883234,-0.6877391531379092,0.027000000000000003,3.141592653589793,-0,-2.306869109974068
-0.6990697744330073,0.47750468268634605,0.02700000000029852,3.141592653589793,-0,1.5707963267948977
0.3806319022745097,-0.7402176106728792,0.027000000000000003,3.141592653589793,-0,0.7685610436596862
-0.6630367403862064,0.3955563814102181,0.027000000000298514,3.141592653589793,-0,3.141592653589793
0.3343943411181214,-0.8377387189710562,0.027000000000000003,3.141592653589793,-0,-2.722659668461798
-0.5810451604997886,0.359542524099093,0.027000000001344955,3.141592653589793,-0,1.5707963267948977
0.254434166090108,-0.9101896248763174,0.027000000000000003,3.141592653589793,-0,0.009820193532070113
-0.6169836124364272,0.27765833379212346,0.02700000000186638,3.141592653589793,-0,0
0.15277377209963117,-0.9463151949188731,0.027000000000000003,3.141592653589793,-0,-0.4001136772532595
-0.7349600799490842,0.277715246302328,0.02700000000186638,3.141592653589793,-0,0
0.05827711632675303,-0.9453200497620208,0.027000000000000003,3.141592653589793,-0,2.435416783872707
-0.25273779434379867,0.5458893350110531,0.33299999999939467,3.141592653589793,-0,-0.8269713912603397
0.19380873732288842,-0.2598715332673468,0.15300000000000005,-3.1415926535897887,1.3158198810372201E-15,-1.9936856254466422
-0.33259135399537515,0.6327459456624392,0.33299999999939467,3.141592653589793,-0,-0.8269713912602864
0.23307116890458088,-0.23376687221792564,0.135,-3.1415926535897927,-6.579099405186087E-16,0.016862150969695757
-0.4172065120574596,0.6037774211060992,0.333,3.141592653589793,-0,0.7438249355345911
0.14598099065007877,-0.29708400899497606,0.13500000000000004,-3.1415926535897927,1.1842378929334969E-15,0.17004732893840213
-0.4421443536065525,0.4853960714067072,0.333,3.141592653589793,-0,-1.4923691670050496
0.7376707483575426,-0.36672841532594636,0.11699999999999972,3.1415926535895844,-5.776449277753633E-14,-1.5091290706996947
-0.3576321044888493,0.4558836526479581,0.33300000000033675,3.141592653589793,-0,-3.063165493799857
0.6802724065579312,-0.45805814484841234,0.11699999999999999,3.1415926535897922,2.6316397620744297E-16,1.4136479590923454
-0.24015318520447912,0.465026850724113,0.33300000000033675,3.141592653589793,-0,-3.0631654937998714
0.2650252499362658,-0.22848191317848895,0.117,-3.1415926535897927,1.3158198810372198E-16,-2.13235049767821
-0.3000093545352978,0.5972637544074152,0.31499999999905787,3.141592653589793,-0,2.2951649994790104
0.19764228015065174,-0.2571289835095933,0.117,-3.1415926535897927,1.31581988103722E-16,-2.000183931902408
-0.38124278515604026,0.6348554698224392,0.31499999999966327,3.141592653589793,-0,0.724368672684094
0.11392564451287693,-0.32486650384949173,0.11699999999999999,3.141592653589791,6.579099405186091E-16,1.2554255919955721
-0.4456198601993185,0.5324283239330877,0.31499999999966327,3.141592653589793,-0,1.6297672237343024
0.7914006427534187,-0.2184723997185585,0.09899999999999999,-3.141592653589793,-3.947459643111641E-16,-2.3372165195680843
-0.40482487012867263,0.4527140040371659,0.315,3.141592653589793,-0,0.058970896939423534
0.7582528454717292,-0.3211218597433618,0.09899999999999999,-3.1415926535897927,-5.263279524148866E-16,0.6614577811815231
-0.2871666504132228,0.4595659212580978,0.315,3.141592653589793,-0,-3.0826217566503686
0.7093476688919459,-0.41726753163503555,0.09899999999999999,3.141592653589793,-0,0.48321946171262903
-0.22186434914802697,0.5088683771537981,0.31499999999905787,3.141592653589793,-0,2.2951649994790193
0.6391147685675245,-0.4991404502004234,0.09900000000000003,3.141592653589793,-0,-3.0190944112788936
-0.25192948625088324,0.540505486541858,0.29699999999939475,3.141592653589793,-0,2.273785282732659
0.2555733151952535,-0.2214672867571942,0.09899999999999999,-3.141592653589793,-3.94745964311165E-16,3.07281174734985
-0.32817737807495967,0.6305485797255108,0.29699999999939475,3.141592653589793,-0,-0.8678073708571566
0.1658382445098596,-0.2809866296553317,0.09899999999999999,3.141592653589793,-0,-2.998072446996519
-0.41390736416343976,0.6050620724122172,0.29700000000000004,3.141592653589793,-0,0.7029889559377377
0.08479350831640511,-0.35194784993772643,0.09899999999999999,3.141592653589793,-0,0.23963578156309814
-0.4436573011605572,0.4878039936801167,0.29700000000000004,3.141592653589793,-0,-1.5332051466018743
0.8052441693209983,-0.15071789010360406,0.08100000000000002,-3.1415926535897927,-0,-1.206597243336409
-0.360414073442455,0.4548671819712022,0.2970000000003368,3.141592653589793,-0,-3.1040014733966776
0.7812253792380324,-0.2558784049144334,0.08100000000000002,3.141592653589793,-0,1.8027147932949215
-0.2426512658699323,0.45920153141611914,0.2970000000003368,3.141592653589793,-0,-3.1040014733967265
0.7426736998376585,-0.3566229871994439,0.081,3.141592653589793,-1.3158198810372158E-16,-1.4915503831714647
-0.2968044534253025,0.5934375840912647,0.2789999999990579,3.141592653589793,-0,2.250560776453351
0.6872832554525594,-0.44918427456880206,0.08099999999999993,-3.1415926535897882,1.3158198810372164E-15,-1.6977678363493138
-0.3762857064212526,0.6346149492962644,0.2789999999996633,3.141592653589793,-0,-2.461828203931267
0.6038574747081528,-0.5108298636743079,0.081,3.141592653589793,-0,0.7655605647307152
-0.44516734606144764,0.5351668965421296,0.2789999999996633,3.141592653589793,-0,1.585163000708734
0.3246661198151834,-0.23587957787905933,0.081,-3.1415926535897922,2.63163976207444E-16,2.9911925563855744
-0.40796391736609966,0.45371772567510993,0.279,3.141592653589793,-0,-3.1272259796759245
0.21925259359263488,-0.24240992341078185,0.081,-3.1415926535897922,-2.631639762074437E-16,1.100357470438448
-0.2901073601115111,0.45531318314035185,0.279,3.141592653589793,-0,0.014366673913867695
0.1335518240849654,-0.30759941539595786,0.081,3.141592653589792,-5.263279524148881E-16,-1.90896674421978
-0.22267010190231282,0.5016469005632356,0.2789999999990579,3.141592653589793,-0,2.2505607764534674
0.05501745810731817,-0.3813927969750647,0.08100000000000002,3.141592653589791,-6.579099405186093E-16,-1.8244147273023605
